category,group,N,mae,coverage_90,coverage_95,mean_width_90,median_width_90,mean_width_95,median_width_95
overall,ALL,148,3.9101869148958808,0.9797297297297297,0.9932432432432432,28.585369860167905,25.900197633592576,43.174034910337284,33.245754325464105
parameter,IDSS,37,0.7138578591406574,0.972972972972973,1.0,4.789690905736677,4.184872499147016,5.233631277224924,4.575042274326924
parameter,VGS(th),35,0.14629732465117518,1.0,1.0,1.0544986303502448,0.8997272435159465,1.2246398608464577,1.0789219010647368
parameter,RDS(on),37,7.526796125616564,1.0,1.0,44.48863374967446,44.63351782643822,48.80559187000078,47.147915526892575
parameter,IGSS,39,6.889309220661076,0.9487179487179487,0.9743589743589743,60.7802378203174,52.67140405628771,111.47291064494722,103.85336746526944
regime,ZERO_ANCHORED,56,3.658827886494964,1.0,1.0,34.07651420588354,40.25919586442169,66.24625673338126,55.01541485698405
regime,DRIFT_MODEL,92,4.063188062618178,0.967391304347826,0.9891304347826086,25.242934171471436,9.211574555689957,29.13007380065834,10.233488627219636
scenario,accelerating_drift,12,8.124384125144445,1.0,1.0,39.354302592129336,41.04542121961447,56.43830384774838,43.305802119707124
scenario,equipment_common_mode,3,3.2891155805511794,1.0,1.0,15.713247297580063,3.9090752238296926,16.32178264061577,4.098339720483735
scenario,high_but_stable,14,2.0067165689128745,1.0,1.0,32.931773052831566,25.06702565419312,47.989934138298736,27.072690774229887
scenario,linear_drift,21,2.246100270930912,1.0,1.0,18.112713032170138,4.629219055750042,20.456989301870717,5.142775567143868
scenario,missing_observations,1,2.47073952176165,1.0,1.0,31.24415894205904,31.24415894205904,71.26394024656179,71.26394024656179
scenario,mixed_compound,10,11.173098912887463,1.0,1.0,36.100369728011,44.79546552120496,60.439824759541544,52.309688704995104
scenario,stable,70,1.9233774241522532,0.9714285714285714,0.9857142857142858,27.815876636063326,6.662761338779405,43.9769905426003,7.40191505524548
scenario,subtle_abrupt_change,17,8.661613009740002,0.9411764705882353,1.0,31.2042558320436,35.44404525963558,47.53087020797795,40.710320495024874
