cohort,group,model,N,mae,rmse,median_ae,bias,nmae
validation_LOT13_LOT14,overall,Current Ridge,148,4.132980897604815,8.251287670081451,0.49528474741966355,-3.9361941114700194,0.2326001120973517
validation_LOT13_LOT14,parameter_IDSS,Current Ridge,37,0.7961568833048578,1.279360378368607,0.05691478629064095,-0.7718300816808625,0.540941320037004
validation_LOT13_LOT14,parameter_VGS(th),Current Ridge,35,0.18765726698206825,0.2893295273488527,0.034925676193286126,-0.1804062355124172,0.056953137881625246
validation_LOT13_LOT14,parameter_RDS(on),Current Ridge,37,8.461840792619775,12.560516883374405,1.1401205137623265,-8.060934263974202,0.14755586019790756
validation_LOT13_LOT14,parameter_IGSS,Current Ridge,39,6.732493704921257,10.347229256842818,1.4436929971580952,-6.395646909368996,0.7764880022524714
validation_LOT13_LOT14,scenario_accelerating_drift,Current Ridge,12,12.086188015372864,13.948230685245678,13.379160622393526,-12.086188015372864,0.5540411474059611
validation_LOT13_LOT14,scenario_equipment_common_mode,Current Ridge,3,0.4154697975845874,0.6888223213335527,0.02962556640007552,0.3957194199845371,0.02465030449414133
validation_LOT13_LOT14,scenario_high_but_stable,Current Ridge,14,0.3042188116226962,0.46753269519917584,0.1251969635282857,-0.03983403943025592,0.014363391570484734
validation_LOT13_LOT14,scenario_linear_drift,Current Ridge,21,5.9204243439749416,9.613606731133483,1.8824412319100832,-5.9204243439749416,0.31610231838248387
validation_LOT13_LOT14,scenario_missing_observations,Current Ridge,1,2.1587433676770162,2.1587433676770162,2.1587433676770162,-2.1587433676770162,0.6507564953422932
validation_LOT13_LOT14,scenario_mixed_compound,Current Ridge,10,12.976163673023814,15.655428530288152,17.16411775658602,-12.976163673023814,0.3782696064006221
validation_LOT13_LOT14,scenario_stable,Current Ridge,70,0.3003991230585756,0.527842152566674,0.05373118162592605,0.02802216100640146,0.024841764002298542
validation_LOT13_LOT14,scenario_subtle_abrupt_change,Current Ridge,17,10.815541998239869,13.977577605972977,9.98499881677228,-10.815541998239869,0.42292698835914905
validation_LOT13_LOT14,overall,Ridge + Lot Context,148,4.309766451586374,6.42424198529742,2.13073323513867,-0.5887270524312486,0.24254942971871635
validation_LOT13_LOT14,parameter_IDSS,Ridge + Lot Context,37,0.8076224313316497,0.99157854614456,0.635988720154374,-0.20170134734397793,0.5487314790051901
validation_LOT13_LOT14,parameter_VGS(th),Ridge + Lot Context,35,0.21533672881030014,0.22298289266521568,0.2139012845112056,0.029153418248874883,0.0653537302559302
validation_LOT13_LOT14,parameter_RDS(on),Ridge + Lot Context,37,8.92487666657894,9.417043402428304,7.779310776785358,-0.5275206049567362,0.15563018567376913
validation_LOT13_LOT14,parameter_IGSS,Ridge + Lot Context,39,6.92836365907003,8.456199621982908,5.36571509398655,-1.5684810554720254,0.7990785424095442
validation_LOT13_LOT14,scenario_accelerating_drift,Ridge + Lot Context,12,7.560474615591502,8.81331546052271,8.513816903396936,-7.560474615591502,0.3465785924915327
validation_LOT13_LOT14,scenario_equipment_common_mode,Ridge + Lot Context,3,2.9818809549028273,4.685222510795685,0.6794552499475801,2.9818809549028273,0.1769184521497511
validation_LOT13_LOT14,scenario_high_but_stable,Ridge + Lot Context,14,3.4737698961605017,4.599019100111252,2.769051716732446,3.4737698961605017,0.16401062438636177
validation_LOT13_LOT14,scenario_linear_drift,Ridge + Lot Context,21,3.0395891840447162,5.191998805771199,0.9500498480740778,-3.0395891840447162,0.16228924350408422
validation_LOT13_LOT14,scenario_missing_observations,Ridge + Lot Context,1,1.3393921087409404,1.3393921087409404,1.3393921087409404,1.3393921087409404,0.4037618031046044
validation_LOT13_LOT14,scenario_mixed_compound,Ridge + Lot Context,10,8.754817616921788,10.72781167023738,11.135744398046215,-8.754817616921788,0.25521267282925086
validation_LOT13_LOT14,scenario_stable,Ridge + Lot Context,70,3.0649803167572403,4.496978799018469,0.8451008329126715,3.0649803167572403,0.25346118499063314
validation_LOT13_LOT14,scenario_subtle_abrupt_change,Ridge + Lot Context,17,7.192573807107371,9.940068844786158,4.713153256724755,-6.9701644136043015,0.2812557687156008
