split,split_desc,group,model,N,mae,rmse,median_ae,bias,nmae
Split_A,"Train LOT01-LOT10, Validate LOT11-LOT12",overall,Current Ridge,151,3.495648597932452,7.9651456415931925,0.4770306772922006,-3.2849565683046467,0.20128918297728796
Split_A,"Train LOT01-LOT10, Validate LOT11-LOT12",parameter_IDSS,Current Ridge,40,0.7580794153965826,1.2591466688000852,0.056987694121260424,-0.7267867593724617,0.5832460182440564
Split_A,"Train LOT01-LOT10, Validate LOT11-LOT12",parameter_VGS(th),Current Ridge,36,0.1903373100202913,0.29234764506409444,0.04348686766782528,-0.18198408005601113,0.05927355363871749
Split_A,"Train LOT01-LOT10, Validate LOT11-LOT12",parameter_RDS(on),Current Ridge,39,7.977501361599841,12.085653404668316,1.1395646705306532,-7.4906219858142915,0.14168145530510032
Split_A,"Train LOT01-LOT10, Validate LOT11-LOT12",parameter_IGSS,Current Ridge,36,4.9873629280225815,10.297009770619878,0.824491849803858,-4.674202419731374,0.6937890550514317
Split_A,"Train LOT01-LOT10, Validate LOT11-LOT12",scenario_accelerating_drift,Current Ridge,24,7.733381131101422,11.117780537862364,2.3038159490877845,-7.733381131101422,0.4041359604881557
Split_A,"Train LOT01-LOT10, Validate LOT11-LOT12",scenario_equipment_common_mode,Current Ridge,10,0.7921660499038348,1.160952738767041,0.5142451539236348,-0.2928592129978567,0.05163701504577891
Split_A,"Train LOT01-LOT10, Validate LOT11-LOT12",scenario_high_but_stable,Current Ridge,14,0.19117364228831019,0.3056795118752126,0.050366833889910145,-0.00302710073785617,0.029764248374159547
Split_A,"Train LOT01-LOT10, Validate LOT11-LOT12",scenario_linear_drift,Current Ridge,13,12.579203487355777,18.170164642350485,14.319606294535292,-12.579203487355777,0.3797063712190197
Split_A,"Train LOT01-LOT10, Validate LOT11-LOT12",scenario_missing_observations,Current Ridge,1,7.809419815075607,7.809419815075607,7.809419815075607,-7.809419815075607,0.13860666058334076
Split_A,"Train LOT01-LOT10, Validate LOT11-LOT12",scenario_mixed_compound,Current Ridge,7,9.656005585509874,13.36509067861996,6.108190705430794,-9.656005585509874,0.3002749670932406
Split_A,"Train LOT01-LOT10, Validate LOT11-LOT12",scenario_stable,Current Ridge,72,0.3386898005012622,0.5846046502089578,0.06048908130421826,-0.0027540154591416737,0.02368351270443554
Split_A,"Train LOT01-LOT10, Validate LOT11-LOT12",scenario_subtle_abrupt_change,Current Ridge,10,6.832692976493088,9.852314505604022,2.7831016833511733,-6.832692976493088,0.38394179833491004
Split_A,"Train LOT01-LOT10, Validate LOT11-LOT12",overall,Zero-Anchored Residual HistGBM,151,3.709177221102459,7.269980124554817,0.775448319227813,-0.766269853504633,0.21358475585769063
Split_A,"Train LOT01-LOT10, Validate LOT11-LOT12",parameter_IDSS,Zero-Anchored Residual HistGBM,40,0.6949397991013807,1.0575029978752628,0.4162779590338985,-0.42176339893758524,0.5346680868958362
Split_A,"Train LOT01-LOT10, Validate LOT11-LOT12",parameter_VGS(th),Zero-Anchored Residual HistGBM,36,0.17261993234305617,0.24029225810896238,0.11570422949324843,-0.05080598576387531,0.05375612809573248
Split_A,"Train LOT01-LOT10, Validate LOT11-LOT12",parameter_RDS(on),Zero-Anchored Residual HistGBM,39,7.138087207134936,9.514567996471278,6.235071565615151,-1.7273354759350126,0.12677335142425844
Split_A,"Train LOT01-LOT10, Validate LOT11-LOT12",parameter_IGSS,Zero-Anchored Residual HistGBM,36,6.880234716105651,11.059661366613064,4.5236788321928225,-0.8233642464647541,0.9571053101827489
Split_A,"Train LOT01-LOT10, Validate LOT11-LOT12",scenario_accelerating_drift,Zero-Anchored Residual HistGBM,24,5.136048146142576,8.51064231447599,1.553445784282721,-5.136048146142576,0.2684028777926165
Split_A,"Train LOT01-LOT10, Validate LOT11-LOT12",scenario_equipment_common_mode,Zero-Anchored Residual HistGBM,10,2.833744507481801,4.581034898936608,1.5676999480268305,2.3373863740404874,0.18471645911421525
Split_A,"Train LOT01-LOT10, Validate LOT11-LOT12",scenario_high_but_stable,Zero-Anchored Residual HistGBM,14,1.6669523311871826,4.976271555534055,0.15330943001767405,1.6259720058173224,0.2595315055959126
Split_A,"Train LOT01-LOT10, Validate LOT11-LOT12",scenario_linear_drift,Zero-Anchored Residual HistGBM,13,6.543810595097494,13.987565284483596,1.5235717515928315,-6.333535095182279,0.19752654271843306
Split_A,"Train LOT01-LOT10, Validate LOT11-LOT12",scenario_missing_observations,Zero-Anchored Residual HistGBM,1,7.703269090568966,7.703269090568966,7.703269090568966,-7.703269090568966,0.1367226285053156
Split_A,"Train LOT01-LOT10, Validate LOT11-LOT12",scenario_mixed_compound,Zero-Anchored Residual HistGBM,7,7.148770317665814,10.16197765884941,6.106666968786102,-7.148770317665814,0.2223069107494607
Split_A,"Train LOT01-LOT10, Validate LOT11-LOT12",scenario_stable,Zero-Anchored Residual HistGBM,72,2.4345737720535126,4.403271042819321,0.3277861138053716,2.340887081767154,0.17024208811419478
Split_A,"Train LOT01-LOT10, Validate LOT11-LOT12",scenario_subtle_abrupt_change,Zero-Anchored Residual HistGBM,10,6.7042316529260875,9.819291274968574,2.366843752469249,-6.7042316529260875,0.3767233162874244
Split_B,"Train LOT01-LOT12, Validate LOT13-LOT14",overall,Current Ridge,148,4.132980897604815,8.251287670081451,0.49528474741966355,-3.9361941114700194,0.2326001120973517
Split_B,"Train LOT01-LOT12, Validate LOT13-LOT14",parameter_IDSS,Current Ridge,37,0.7961568833048578,1.279360378368607,0.05691478629064095,-0.7718300816808625,0.540941320037004
Split_B,"Train LOT01-LOT12, Validate LOT13-LOT14",parameter_VGS(th),Current Ridge,35,0.18765726698206825,0.2893295273488527,0.034925676193286126,-0.1804062355124172,0.056953137881625246
Split_B,"Train LOT01-LOT12, Validate LOT13-LOT14",parameter_RDS(on),Current Ridge,37,8.461840792619775,12.560516883374405,1.1401205137623265,-8.060934263974202,0.14755586019790756
Split_B,"Train LOT01-LOT12, Validate LOT13-LOT14",parameter_IGSS,Current Ridge,39,6.732493704921257,10.347229256842818,1.4436929971580952,-6.395646909368996,0.7764880022524714
Split_B,"Train LOT01-LOT12, Validate LOT13-LOT14",scenario_accelerating_drift,Current Ridge,12,12.086188015372864,13.948230685245678,13.379160622393526,-12.086188015372864,0.5540411474059611
Split_B,"Train LOT01-LOT12, Validate LOT13-LOT14",scenario_equipment_common_mode,Current Ridge,3,0.4154697975845874,0.6888223213335527,0.02962556640007552,0.3957194199845371,0.02465030449414133
Split_B,"Train LOT01-LOT12, Validate LOT13-LOT14",scenario_high_but_stable,Current Ridge,14,0.3042188116226962,0.46753269519917584,0.1251969635282857,-0.03983403943025592,0.014363391570484734
Split_B,"Train LOT01-LOT12, Validate LOT13-LOT14",scenario_linear_drift,Current Ridge,21,5.9204243439749416,9.613606731133483,1.8824412319100832,-5.9204243439749416,0.31610231838248387
Split_B,"Train LOT01-LOT12, Validate LOT13-LOT14",scenario_missing_observations,Current Ridge,1,2.1587433676770162,2.1587433676770162,2.1587433676770162,-2.1587433676770162,0.6507564953422932
Split_B,"Train LOT01-LOT12, Validate LOT13-LOT14",scenario_mixed_compound,Current Ridge,10,12.976163673023814,15.655428530288152,17.16411775658602,-12.976163673023814,0.3782696064006221
Split_B,"Train LOT01-LOT12, Validate LOT13-LOT14",scenario_stable,Current Ridge,70,0.3003991230585756,0.527842152566674,0.05373118162592605,0.02802216100640146,0.024841764002298542
Split_B,"Train LOT01-LOT12, Validate LOT13-LOT14",scenario_subtle_abrupt_change,Current Ridge,17,10.815541998239869,13.977577605972977,9.98499881677228,-10.815541998239869,0.42292698835914905
Split_B,"Train LOT01-LOT12, Validate LOT13-LOT14",overall,Zero-Anchored Residual HistGBM,148,3.8699510937692456,6.821275226104682,0.9334012033153882,-1.6881987161386889,0.21779705266570662
Split_B,"Train LOT01-LOT12, Validate LOT13-LOT14",parameter_IDSS,Zero-Anchored Residual HistGBM,37,0.6989259673667637,1.0511357235445056,0.29621038307277003,-0.37300888055247705,0.4748786870071519
Split_B,"Train LOT01-LOT12, Validate LOT13-LOT14",parameter_VGS(th),Zero-Anchored Residual HistGBM,35,0.1409104410975113,0.18991042985310977,0.10225656141635575,-0.003718996727750388,0.04276568613542719
Split_B,"Train LOT01-LOT12, Validate LOT13-LOT14",parameter_RDS(on),Zero-Anchored Residual HistGBM,37,7.747833203355375,9.550277537915653,7.384289221766487,-2.1449172226286715,0.13510514095090495
Split_B,"Train LOT01-LOT12, Validate LOT13-LOT14",parameter_IGSS,Zero-Anchored Residual HistGBM,39,6.5459181313517005,9.432048508746469,4.417894982794467,-4.014358443214158,0.7549694237376136
Split_B,"Train LOT01-LOT12, Validate LOT13-LOT14",scenario_accelerating_drift,Zero-Anchored Residual HistGBM,12,8.341447691896859,9.8770246636681,8.981916810253741,-8.341447691896859,0.38237906313943487
Split_B,"Train LOT01-LOT12, Validate LOT13-LOT14",scenario_equipment_common_mode,Zero-Anchored Residual HistGBM,3,2.533748539934512,4.335727816669259,0.04651379125071475,2.533748539934512,0.150330236720169
Split_B,"Train LOT01-LOT12, Validate LOT13-LOT14",scenario_high_but_stable,Zero-Anchored Residual HistGBM,14,1.9630338862157204,3.468595530188762,0.4828307320898446,1.9205170448811164,0.09268271157674597
Split_B,"Train LOT01-LOT12, Validate LOT13-LOT14",scenario_linear_drift,Zero-Anchored Residual HistGBM,21,2.411843960980087,4.846162950076484,0.9455746947368888,-2.3419251740037836,0.12877277427224654
Split_B,"Train LOT01-LOT12, Validate LOT13-LOT14",scenario_missing_observations,Zero-Anchored Residual HistGBM,1,2.47073952176165,2.47073952176165,2.47073952176165,-2.47073952176165,0.744808213963609
Split_B,"Train LOT01-LOT12, Validate LOT13-LOT14",scenario_mixed_compound,Zero-Anchored Residual HistGBM,10,11.258947087725009,13.726925373809005,12.659343286940079,-11.258947087725009,0.32821083262174366
Split_B,"Train LOT01-LOT12, Validate LOT13-LOT14",scenario_stable,Zero-Anchored Residual HistGBM,70,1.8781190819843432,3.740452468178705,0.3312997796807259,1.7198645335564757,0.15531267377824903
Split_B,"Train LOT01-LOT12, Validate LOT13-LOT14",scenario_subtle_abrupt_change,Zero-Anchored Residual HistGBM,17,8.258494131162639,11.188126872249978,8.100192986405284,-8.258494131162639,0.3229371262062256
Split_C,"Train LOT03-LOT14, Validate LOT01-LOT02",overall,Current Ridge,149,7.333535015045539,20.055349553036514,0.6301476519499118,-7.1260806724612085,0.3605674736705873
Split_C,"Train LOT03-LOT14, Validate LOT01-LOT02",parameter_IDSS,Current Ridge,37,1.104901720338856,1.858678448334696,0.1379808923595992,-1.0650140226512286,0.7084092908039199
Split_C,"Train LOT03-LOT14, Validate LOT01-LOT02",parameter_VGS(th),Current Ridge,39,0.2852690288507046,0.4208311298511927,0.03983882142528339,-0.2800781936621789,0.08590904789208424
Split_C,"Train LOT03-LOT14, Validate LOT01-LOT02",parameter_RDS(on),Current Ridge,36,8.414449723055503,14.204588588305807,1.057829334475489,-7.866281068251869,0.14962589012471691
Split_C,"Train LOT03-LOT14, Validate LOT01-LOT02",parameter_IGSS,Current Ridge,37,19.93972084956951,37.67997441354691,6.526250057794775,-19.6830090094252,0.9010788518446772
Split_C,"Train LOT03-LOT14, Validate LOT01-LOT02",scenario_accelerating_drift,Current Ridge,26,15.612686665534596,28.55627816289866,4.764511376384283,-15.612686665534596,0.5898409331755876
Split_C,"Train LOT03-LOT14, Validate LOT01-LOT02",scenario_equipment_common_mode,Current Ridge,9,0.3176478753221861,0.4696254450833355,0.06530214416706498,0.020914016893202,0.014175333879448797
Split_C,"Train LOT03-LOT14, Validate LOT01-LOT02",scenario_high_but_stable,Current Ridge,11,0.48766586821865476,0.6855695318322992,0.29938689231249827,-0.02484345593749183,0.039890515814905395
Split_C,"Train LOT03-LOT14, Validate LOT01-LOT02",scenario_linear_drift,Current Ridge,19,18.764969382601095,38.683329290639506,6.526250057794775,-18.764969382601095,0.6086971428833615
Split_C,"Train LOT03-LOT14, Validate LOT01-LOT02",scenario_missing_observations,Current Ridge,5,4.990862286689594,7.8926462609879495,0.40114201377588277,-4.990862286689594,0.29591948382364375
Split_C,"Train LOT03-LOT14, Validate LOT01-LOT02",scenario_mixed_compound,Current Ridge,10,14.52338781270297,20.773185095746403,9.704946470243723,-14.52338781270297,0.5575756989177832
Split_C,"Train LOT03-LOT14, Validate LOT01-LOT02",scenario_stable,Current Ridge,61,0.38123704786124984,0.6744276684527328,0.05587549289194832,-0.007915843270531174,0.02636134217214731
Split_C,"Train LOT03-LOT14, Validate LOT01-LOT02",scenario_subtle_abrupt_change,Current Ridge,8,16.07070509501825,26.540373408358672,5.314996120905377,-16.07070509501825,0.6646939844351554
Split_C,"Train LOT03-LOT14, Validate LOT01-LOT02",overall,Zero-Anchored Residual HistGBM,149,7.15904586252676,18.747849938590345,1.1186852350786856,-4.662312817308002,0.3519883760351985
Split_C,"Train LOT03-LOT14, Validate LOT01-LOT02",parameter_IDSS,Zero-Anchored Residual HistGBM,37,1.0719403575967454,1.6902249205761668,0.4879726540590612,-0.7615345877709095,0.6872760667585196
Split_C,"Train LOT03-LOT14, Validate LOT01-LOT02",parameter_VGS(th),Zero-Anchored Residual HistGBM,39,0.27722806291679475,0.33698992551976825,0.22725020312034916,-0.11320077480225617,0.08348750311276505
Split_C,"Train LOT03-LOT14, Validate LOT01-LOT02",parameter_RDS(on),Zero-Anchored Residual HistGBM,36,8.579201584343306,11.471578269637698,7.294198720222916,-1.227876040457574,0.15255551056410793
Split_C,"Train LOT03-LOT14, Validate LOT01-LOT02",parameter_IGSS,Zero-Anchored Residual HistGBM,37,19.118186183656587,35.838666675612345,6.35014187799455,-16.69971519885427,0.8639535821833719
Split_C,"Train LOT03-LOT14, Validate LOT01-LOT02",scenario_accelerating_drift,Zero-Anchored Residual HistGBM,26,13.407628350860968,26.256330355766103,3.4453958544360974,-13.407628350860968,0.5065347295799654
Split_C,"Train LOT03-LOT14, Validate LOT01-LOT02",scenario_equipment_common_mode,Zero-Anchored Residual HistGBM,9,2.7354017991589124,4.331276077911546,0.3883180326699751,2.7319991700654933,0.12206986669812701
Split_C,"Train LOT03-LOT14, Validate LOT01-LOT02",scenario_high_but_stable,Zero-Anchored Residual HistGBM,11,2.258827961552089,3.4700013337926436,0.40893742132409105,2.239085692232564,0.18476956948531692
Split_C,"Train LOT03-LOT14, Validate LOT01-LOT02",scenario_linear_drift,Zero-Anchored Residual HistGBM,19,14.843475500755822,36.15932810458287,2.0914581614277665,-14.843475500755822,0.48149191952035236
Split_C,"Train LOT03-LOT14, Validate LOT01-LOT02",scenario_missing_observations,Zero-Anchored Residual HistGBM,5,3.9926511716605795,6.172981617755037,0.35055441129639364,-0.8553705601417054,0.23673329495720236
Split_C,"Train LOT03-LOT14, Validate LOT01-LOT02",scenario_mixed_compound,Zero-Anchored Residual HistGBM,10,11.45825712361202,17.02278516443353,8.334140335831211,-11.45825712361202,0.43990051126291607
Split_C,"Train LOT03-LOT14, Validate LOT01-LOT02",scenario_stable,Zero-Anchored Residual HistGBM,61,2.150598926023332,3.721089811657363,0.4255154509698982,2.0730594635725668,0.14870714816936342
Split_C,"Train LOT03-LOT14, Validate LOT01-LOT02",scenario_subtle_abrupt_change,Zero-Anchored Residual HistGBM,8,15.109422066048985,25.90820880590276,4.106530201590163,-15.109422066048985,0.6249347428264255
Split_D,"Train LOT01-LOT08 + LOT11-LOT14, Validate LOT09-LOT10",overall,Current Ridge,151,8.956234095065325,20.08320650199035,0.6514823350894448,-8.806026025184579,0.3851735294734022
Split_D,"Train LOT01-LOT08 + LOT11-LOT14, Validate LOT09-LOT10",parameter_IDSS,Current Ridge,39,1.3254280011615949,2.1885491570499624,0.12591709554171915,-1.26757573354453,0.726575933284503
Split_D,"Train LOT01-LOT08 + LOT11-LOT14, Validate LOT09-LOT10",parameter_VGS(th),Current Ridge,36,0.28079627580282374,0.41593234026616843,0.042870295614677145,-0.26587765106896416,0.08506781075460328
Split_D,"Train LOT01-LOT08 + LOT11-LOT14, Validate LOT09-LOT10",parameter_RDS(on),Current Ridge,38,12.732379618583611,19.16493483789614,1.3442991138122657,-12.4772857285284,0.19770974626042562
Split_D,"Train LOT01-LOT08 + LOT11-LOT14, Validate LOT09-LOT10",parameter_IGSS,Current Ridge,38,21.230541180907444,35.07637715943239,5.863311472598085,-20.962263765054548,0.9230966484738321
Split_D,"Train LOT01-LOT08 + LOT11-LOT14, Validate LOT09-LOT10",scenario_accelerating_drift,Current Ridge,24,31.18870109887209,40.200229590814956,28.893975407076887,-31.18870109887209,0.5683652599323683
Split_D,"Train LOT01-LOT08 + LOT11-LOT14, Validate LOT09-LOT10",scenario_equipment_common_mode,Current Ridge,8,0.19418610433407602,0.2562471872542258,0.15541158822790666,0.1917216012869919,0.142526404974047
Split_D,"Train LOT01-LOT08 + LOT11-LOT14, Validate LOT09-LOT10",scenario_high_but_stable,Current Ridge,9,0.9048385164136987,1.1439336933224413,0.8081223549225101,-0.8449596659965616,0.025685631205929073
Split_D,"Train LOT01-LOT08 + LOT11-LOT14, Validate LOT09-LOT10",scenario_linear_drift,Current Ridge,13,17.50022001695447,29.688491421000734,3.7445484577637904,-17.50022001695447,0.761141787329981
Split_D,"Train LOT01-LOT08 + LOT11-LOT14, Validate LOT09-LOT10",scenario_missing_observations,Current Ridge,3,3.805547542872736,5.913742971758892,0.7797617318119909,-3.805547542872736,0.6876872264541549
Split_D,"Train LOT01-LOT08 + LOT11-LOT14, Validate LOT09-LOT10",scenario_mixed_compound,Current Ridge,12,18.381800387921334,26.19916022017768,15.520246108536568,-18.381800387921334,0.5671789071879177
Split_D,"Train LOT01-LOT08 + LOT11-LOT14, Validate LOT09-LOT10",scenario_stable,Current Ridge,67,0.2687071508885784,0.44017303639011895,0.09920809897509741,0.01569952453335916,0.018481984503110917
Split_D,"Train LOT01-LOT08 + LOT11-LOT14, Validate LOT09-LOT10",scenario_subtle_abrupt_change,Current Ridge,15,7.777399992394718,12.363850237027664,2.5116932477886578,-7.777399992394718,0.6216031123213127
Split_D,"Train LOT01-LOT08 + LOT11-LOT14, Validate LOT09-LOT10",overall,Zero-Anchored Residual HistGBM,151,9.105923595605063,19.366664629535006,1.1332359121055733,-6.609873674477264,0.3916111049806982
Split_D,"Train LOT01-LOT08 + LOT11-LOT14, Validate LOT09-LOT10",parameter_IDSS,Zero-Anchored Residual HistGBM,39,1.253258461959269,1.7766596037167035,0.8248411298072943,-0.8064463350066945,0.6870138821925634
Split_D,"Train LOT01-LOT08 + LOT11-LOT14, Validate LOT09-LOT10",parameter_VGS(th),Zero-Anchored Residual HistGBM,36,0.27062090371772446,0.3417785405718971,0.21739282846891594,-0.10960564127655525,0.08198516079986982
Split_D,"Train LOT01-LOT08 + LOT11-LOT14, Validate LOT09-LOT10",parameter_RDS(on),Zero-Anchored Residual HistGBM,38,13.670931726917328,17.854145856432808,11.67051177557325,-6.580184969331313,0.21228368332086403
Split_D,"Train LOT01-LOT08 + LOT11-LOT14, Validate LOT09-LOT10",parameter_IGSS,Zero-Anchored Residual HistGBM,38,20.970516441138333,34.18010852001474,6.828235866561892,-18.75386015421736,0.9117908619771128
Split_D,"Train LOT01-LOT08 + LOT11-LOT14, Validate LOT09-LOT10",scenario_accelerating_drift,Zero-Anchored Residual HistGBM,24,28.401981724759185,38.26898129757752,26.65841361833862,-28.401981724759185,0.517581661205215
Split_D,"Train LOT01-LOT08 + LOT11-LOT14, Validate LOT09-LOT10",scenario_equipment_common_mode,Zero-Anchored Residual HistGBM,8,1.7838321213509112,2.5505528965140414,1.1244391531097775,1.7838321213509112,1.3092758629936552
Split_D,"Train LOT01-LOT08 + LOT11-LOT14, Validate LOT09-LOT10",scenario_high_but_stable,Zero-Anchored Residual HistGBM,9,4.132449692081141,8.206742057213273,0.670629271270883,4.019589841635801,0.11730775916630108
Split_D,"Train LOT01-LOT08 + LOT11-LOT14, Validate LOT09-LOT10",scenario_linear_drift,Zero-Anchored Residual HistGBM,13,14.874903261271347,28.304151111320543,3.2101212415946727,-14.874903261271347,0.6469581778786669
Split_D,"Train LOT01-LOT08 + LOT11-LOT14, Validate LOT09-LOT10",scenario_missing_observations,Zero-Anchored Residual HistGBM,3,2.6239184223773124,4.06127655047293,0.7716009929465271,-2.5511749606651515,0.4741591484531768
Split_D,"Train LOT01-LOT08 + LOT11-LOT14, Validate LOT09-LOT10",scenario_mixed_compound,Zero-Anchored Residual HistGBM,12,16.15038328835413,24.025000040651978,11.523072930640287,-16.15038328835413,0.49832750605723247
Split_D,"Train LOT01-LOT08 + LOT11-LOT14, Validate LOT09-LOT10",scenario_stable,Zero-Anchored Residual HistGBM,67,2.083908831076466,4.65446673467588,0.3227693907637159,2.017220093701061,0.14333362768533725
Split_D,"Train LOT01-LOT08 + LOT11-LOT14, Validate LOT09-LOT10",scenario_subtle_abrupt_change,Zero-Anchored Residual HistGBM,15,7.147480569104957,11.508431770295251,2.123863708125195,-7.147480569104957,0.5712572545267469
