Scope,Breakdown,Model,N,MAE,RMSE,MedAE,Bias,NMAE
Validation_Overall,All,Current Ridge,148,4.132980897604815,8.251287670081451,0.49528474741966355,-3.9361941114700194,0.2326001120973517
Validation_Overall,All,Carry-Forward,148,4.130370967051521,8.158197982924108,0.48881493281662114,-3.853668221139689,0.23245322776512203
Validation_Overall,All,Linear Extrapolation,148,11.29683390683515,49.9050041657285,1.8018483066505833,3.5874288482828485,0.6357747345500235
Validation_Parameter,IDSS,Current Ridge,37,0.7961568833048578,1.279360378368607,0.05691478629064095,-0.7718300816808625,0.540941320037004
Validation_Parameter,IDSS,Carry-Forward,37,0.7889547040625174,1.2685535945744324,0.052885313190798144,-0.7692906924836334,0.5360478669648877
Validation_Parameter,IDSS,Linear Extrapolation,37,1.131791668756351,2.0321369659743027,0.4387411715260373,-0.11051572556709861,0.7689852240711118
Validation_Parameter,VGS(th),Current Ridge,35,0.18765726698206825,0.2893295273488527,0.034925676193286126,-0.1804062355124172,0.056953137881625246
Validation_Parameter,VGS(th),Carry-Forward,35,0.1799069009612236,0.27488417904689916,0.032418373042095716,-0.1643364279976116,0.05460093659618072
Validation_Parameter,VGS(th),Linear Extrapolation,35,0.19943811357399785,0.2572783331132308,0.171061940266378,-0.03028830952574882,0.06052857192211223
Validation_Parameter,RDS(on),Current Ridge,37,8.461840792619775,12.560516883374405,1.1401205137623265,-8.060934263974202,0.14755586019790756
Validation_Parameter,RDS(on),Carry-Forward,37,8.37982005505339,12.372134181277294,1.2908551266503068,-7.916249410278117,0.14612559924378626
Validation_Parameter,RDS(on),Linear Extrapolation,37,8.905260330959344,11.180988552484624,6.407831549916281,-4.310958832349454,0.1552881199995006
Validation_Parameter,IGSS,Current Ridge,39,6.732493704921257,10.347229256842818,1.4436929971580952,-6.395646909368996,0.7764880022524714
Validation_Parameter,IGSS,Carry-Forward,39,6.814192192376764,10.283857920094244,2.2256189894708904,-6.236567639655713,0.7859106468314041
Validation_Parameter,IGSS,Linear Extrapolation,39,33.1687220576162,96.58459150632815,10.448853650543676,17.83574664159423,3.82549406751909
Validation_Scenario,stable,Current Ridge,70,0.3003991230585757,0.527842152566674,0.05373118162592605,0.028022161006401473,0.02484176400229855
Validation_Scenario,stable,Carry-Forward,70,0.4147613520528333,0.7571930138230345,0.06998669626764309,0.07935077855146194,0.03429904694815524
Validation_Scenario,stable,Linear Extrapolation,70,12.228382317459806,66.93031967304069,0.6736874427934669,9.162673029765314,1.0112365993857553
Validation_Scenario,high_but_stable,Current Ridge,14,0.3042188116226962,0.46753269519917584,0.1251969635282857,-0.03983403943025594,0.014363391570484737
Validation_Scenario,high_but_stable,Carry-Forward,14,0.2209944773908185,0.37419371227199083,0.05580198228281563,0.1721172317706967,0.010434036596052987
Validation_Scenario,high_but_stable,Linear Extrapolation,14,3.244760896134792,5.089449597635988,1.159485688619371,1.2421189174298521,0.1531981899974786
Validation_Scenario,linear_drift,Current Ridge,21,5.9204243439749416,9.613606731133483,1.8824412319100832,-5.9204243439749416,0.31610231838248387
Validation_Scenario,linear_drift,Carry-Forward,21,5.615768575886885,9.085531153578339,1.8508173851516507,-5.615768575886885,0.29983618794890515
Validation_Scenario,linear_drift,Linear Extrapolation,21,11.909213116307054,45.17934721829273,1.0091692666456897,9.971418670070959,0.6358547390284292
Validation_Scenario,accelerating_drift,Current Ridge,12,12.086188015372864,13.948230685245676,13.379160622393526,-12.086188015372864,0.5540411474059611
Validation_Scenario,accelerating_drift,Carry-Forward,12,11.973157855710047,13.773175055948471,13.378898602572223,-11.973157855710047,0.548859748666225
Validation_Scenario,accelerating_drift,Linear Extrapolation,12,13.731602860424209,19.8544099011296,10.968919918685803,-4.260794657671941,0.6294683646188256
Validation_Scenario,subtle_abrupt_change,Current Ridge,17,10.815541998239869,13.977577605972977,9.98499881677228,-10.815541998239869,0.42292698835914905
Validation_Scenario,subtle_abrupt_change,Carry-Forward,17,10.912595212082667,14.09247418858869,10.018358762224338,-10.912595212082667,0.42672212164491424
Validation_Scenario,subtle_abrupt_change,Linear Extrapolation,17,13.258183930453011,17.111552752192413,10.357074487531044,-9.268632105521048,0.5184431627865423
Validation_Scenario,equipment_common_mode,Current Ridge,3,0.4154697975845874,0.6888223213335527,0.02962556640007552,0.3957194199845371,0.02465030449414133
Validation_Scenario,equipment_common_mode,Carry-Forward,3,0.144851767392325,0.2238188969837402,0.045311716701857296,0.14201267407077264,0.008594223198639079
Validation_Scenario,equipment_common_mode,Linear Extrapolation,3,2.421835365137341,3.7197299244996347,0.6301630641358846,-1.8500523348068467,0.14369029838603614
Validation_Scenario,mixed_compound,Current Ridge,10,12.976163673023814,15.655428530288152,17.16411775658602,-12.976163673023814,0.37826960640062207
Validation_Scenario,mixed_compound,Carry-Forward,10,12.913923800496637,15.54321728390797,17.052612752040954,-12.913923800496637,0.37645524487771487
Validation_Scenario,mixed_compound,Linear Extrapolation,10,11.941591833951469,14.244416611207503,14.468936292255252,-11.941591833951469,0.34811068638232445
Validation_Scenario,insufficient_data,Current Ridge,0,,,,,
Validation_Scenario,insufficient_data,Carry-Forward,0,,,,,
Validation_Scenario,insufficient_data,Linear Extrapolation,0,,,,,
Validation_Scenario,missing_observations,Current Ridge,1,2.1587433676770162,2.1587433676770162,2.1587433676770162,-2.1587433676770162,0.6507564953422932
Validation_Scenario,missing_observations,Carry-Forward,1,2.47073952176165,2.47073952176165,2.47073952176165,-2.47073952176165,0.744808213963609
Validation_Scenario,missing_observations,Linear Extrapolation,1,3.574742423362261,3.574742423362261,3.574742423362261,-3.574742423362261,1.0776115799637245
