component_id,lot_id,component_scenario,final_state,disposition_qualifier,primary_reason_code,degraded_parameters,max_g_param,max_normalized_drift_g,max_drift_status,failure_mode
LOT_D01_C001,LOT_D01,linear_drift,ALERT,PEER_OUTLIER_STATIONARY,IDSS:HIGH_BUT_STABLE_PEER_OUTLIER,IDSS,IDSS,2.2629698949960093,STATIONARY,drift_below_threshold
LOT_D02_C001,LOT_D02,linear_drift,PASS,NOMINAL_STABLE,NOMINAL_SPEC_AND_STABLE_KINETICS,VGS(th),VGS(th),2.4524241677674548,STATIONARY,drift_below_threshold
LOT_D03_C001,LOT_D03,accelerating_drift,FAIL,SPECIFICATION_FAILURE,RDS(on):ABSOLUTE_LIMIT_BREACH_RDSON_HIGH,RDS(on),RDS(on),5.186117263953857,ACCELERATING_DRIFT,other
LOT_D03_C002,LOT_D03,accelerating_drift,FAIL,SPECIFICATION_FAILURE,RDS(on):ABSOLUTE_LIMIT_BREACH_RDSON_HIGH,RDS(on),RDS(on),6.788068021590418,ACCELERATING_DRIFT,other
LOT_D03_C003,LOT_D03,accelerating_drift,FAIL,SPECIFICATION_FAILURE,RDS(on):ABSOLUTE_LIMIT_BREACH_RDSON_HIGH,RDS(on),RDS(on),3.95480272356502,ACCELERATING_DRIFT,other
LOT_D04_C001,LOT_D04,linear_drift,PASS,NOMINAL_STABLE,NOMINAL_SPEC_AND_STABLE_KINETICS,IDSS,IDSS,0.3465201063618917,STATIONARY,drift_below_threshold
LOT_D04_C002,LOT_D04,linear_drift,ALERT,PEER_OUTLIER_STATIONARY,IDSS:HIGH_BUT_STABLE_PEER_OUTLIER,IDSS,IDSS,0.2168414803898615,STATIONARY,drift_below_threshold
LOT_D04_C003,LOT_D04,linear_drift,PASS,NOMINAL_STABLE,NOMINAL_SPEC_AND_STABLE_KINETICS,IDSS,IDSS,0.3732808068676298,STATIONARY,drift_below_threshold
LOT_M01_C002,LOT_M01,mixed_compound,FAIL,SPECIFICATION_FAILURE,RDS(on):ABSOLUTE_LIMIT_BREACH_RDSON_HIGH,RDS(on),RDS(on),4.792332341795875,ACCELERATING_DRIFT,other
LOT_M01_C003,LOT_M01,subtle_abrupt_change,PASS,NOMINAL_STABLE,NOMINAL_SPEC_AND_STABLE_KINETICS,IGSS,IGSS,1.1206794273339877,STATIONARY,drift_below_threshold
