component_id,lot_id,checkpoint,parameter,component_scenario,gt_param_scenario,gt_is_degraded,gt_snr,gt_first_abnormal_hour,comp_final_state,comp_qualifier,comp_primary_reason,observed_value,transformed_value,parameter_state,disposition_qualifier,primary_reason_code,d_spec_status,d_spec_passed,d_spec_reason,d_peer_status,peer_z_score,peer_count,d_peer_reason,d_drift_status,drift_slope_per_hour,normalized_drift_g,acceleration_evidence,g_lot,g_excess,drift_confounded,d_drift_reason,drift_obs_count,d_step_status,step_ratio,step_magnitude,max_step_ratio,max_step_interval,d_step_reason,d_eq_status,d_eq_suspected,d_eq_reason,channel_id,lot_median_shift,fraction_shifting,ate_n_channel,ate_z_score,ate_suppressed,ate_reason,chamber_suspected,chamber_reason,d_suff_status,d_suff_sufficient,d_suff_reason,suff_available_cps
LOT_D01_C001,LOT_D01,168,IDSS,linear_drift,linear_drift,True,21.74027094244893,24.0,ALERT,PEER_OUTLIER_STATIONARY,IDSS:HIGH_BUT_STABLE_PEER_OUTLIER,1.1502708328915947,0.13999742151002711,ALERT,PEER_OUTLIER_STATIONARY,HIGH_BUT_STABLE_PEER_OUTLIER,COMPLIANT,True,SPEC_COMPLIANT,PEER_MILD_OUTLIER,3.0389175257738947,29,MILD_PEER_OUTLIER,STATIONARY,0.004134099481588002,2.2629698949960093,-0.005213590354552369,-0.07888304064822729,2.3418529356442366,False,TEMPORALLY_STATIONARY,4,NO_STEP,1.4602570512723008,0.5173729601695602,1.4602570512723008,,NOMINAL_STEP_INTERVAL,CHANNEL_BIAS_SUPPRESSED_SMALL_SAMPLE,False,CHANNEL_BIAS_SUPPRESSED_SMALL_SAMPLE,CH_01,-0.00973720250991339,0.5,2,,True,CHANNEL_BIAS_SUPPRESSED_SMALL_SAMPLE,False,NOMINAL_CHAMBER_ENVIRONMENT,SUFFICIENT,True,DATA_SUFFICIENT_AND_VALID,"[0, 24, 96, 168]"
LOT_D01_C001,LOT_D01,168,VGS(th),linear_drift,stable,False,,,ALERT,PEER_OUTLIER_STATIONARY,IDSS:HIGH_BUT_STABLE_PEER_OUTLIER,2.966379031158474,2.966379031158474,PASS,NOMINAL_STABLE,NOMINAL_SPEC_AND_STABLE_KINETICS,COMPLIANT,True,SPEC_COMPLIANT,PEER_NORMAL,-0.04194752255618032,29,PEER_NORMAL,STATIONARY,0.00044172380122469476,0.380874168530788,-0.0005246299483766969,0.013291560161768223,0.36758260836901974,False,TEMPORALLY_STATIONARY,4,NO_STEP,0.288490741358954,0.03893833014413106,0.288490741358954,,NOMINAL_STEP_INTERVAL,CHANNEL_BIAS_SUPPRESSED_SMALL_SAMPLE,False,CHANNEL_BIAS_SUPPRESSED_SMALL_SAMPLE,CH_01,0.013682997237651984,0.7,2,,True,CHANNEL_BIAS_SUPPRESSED_SMALL_SAMPLE,False,NOMINAL_CHAMBER_ENVIRONMENT,SUFFICIENT,True,DATA_SUFFICIENT_AND_VALID,"[0, 24, 96, 168]"
LOT_D01_C001,LOT_D01,168,RDS(on),linear_drift,stable,False,,,ALERT,PEER_OUTLIER_STATIONARY,IDSS:HIGH_BUT_STABLE_PEER_OUTLIER,49.51224788503623,3.9022200709893244,PASS,NOMINAL_STABLE,NOMINAL_SPEC_AND_STABLE_KINETICS,COMPLIANT,True,SPEC_COMPLIANT,PEER_NORMAL,0.6720584476427727,29,PEER_NORMAL,STATIONARY,1.0489015800144471e-05,0.054391124073778635,0.00013656748354300293,-0.016255168494958436,0.07064629256873707,False,TEMPORALLY_STATIONARY,4,NO_STEP,0.11273811847731233,0.00943981085388268,0.11273811847731233,,NOMINAL_STEP_INTERVAL,CHANNEL_BIAS_SUPPRESSED_SMALL_SAMPLE,False,CHANNEL_BIAS_SUPPRESSED_SMALL_SAMPLE,CH_01,0.0011131376400106419,0.5333333333333333,2,,True,CHANNEL_BIAS_SUPPRESSED_SMALL_SAMPLE,False,NOMINAL_CHAMBER_ENVIRONMENT,SUFFICIENT,True,DATA_SUFFICIENT_AND_VALID,"[0, 24, 96, 168]"
LOT_D01_C001,LOT_D01,168,IGSS,linear_drift,stable,False,,,ALERT,PEER_OUTLIER_STATIONARY,IDSS:HIGH_BUT_STABLE_PEER_OUTLIER,2.7699666770868,1.7430792685461434,PASS,NOMINAL_STABLE,NOMINAL_SPEC_AND_STABLE_KINETICS,COMPLIANT,True,SPEC_COMPLIANT,PEER_NORMAL,0.7543334082993325,29,PEER_NORMAL,STATIONARY,-0.001436650342882548,-0.010194337391694026,0.012816951749970273,0.009590896006217403,-0.01978523339791143,False,TEMPORALLY_STATIONARY,4,NO_STEP,0.3308077236009671,0.6828065105860597,0.3308077236009671,,NOMINAL_STEP_INTERVAL,CHANNEL_BIAS_SUPPRESSED_SMALL_SAMPLE,False,CHANNEL_BIAS_SUPPRESSED_SMALL_SAMPLE,CH_01,0.1075029088190026,0.6333333333333333,2,,True,CHANNEL_BIAS_SUPPRESSED_SMALL_SAMPLE,False,NOMINAL_CHAMBER_ENVIRONMENT,SUFFICIENT,True,DATA_SUFFICIENT_AND_VALID,"[0, 24, 96, 168]"
LOT_D02_C001,LOT_D02,168,IDSS,linear_drift,stable,False,,,PASS,NOMINAL_STABLE,NOMINAL_SPEC_AND_STABLE_KINETICS,0.6823859708317516,-0.3821598415861159,PASS,NOMINAL_STABLE,NOMINAL_SPEC_AND_STABLE_KINETICS,COMPLIANT,True,SPEC_COMPLIANT,PEER_NORMAL,0.2840752975203972,29,PEER_NORMAL,STATIONARY,-0.0002614855847754337,-0.3069088885962356,-0.0015338667141667668,-0.07292419535104239,-0.23398469324519322,False,TEMPORALLY_STATIONARY,4,NO_STEP,0.9330461915327616,0.18785255425356334,0.9330461915327616,,NOMINAL_STEP_INTERVAL,CHANNEL_BIAS_SUPPRESSED_SMALL_SAMPLE,False,CHANNEL_BIAS_SUPPRESSED_SMALL_SAMPLE,CH_01,-0.02132309697808421,0.6666666666666666,2,,True,CHANNEL_BIAS_SUPPRESSED_SMALL_SAMPLE,False,NOMINAL_CHAMBER_ENVIRONMENT,SUFFICIENT,True,DATA_SUFFICIENT_AND_VALID,"[0, 24, 96, 168]"
LOT_D02_C001,LOT_D02,168,VGS(th),linear_drift,linear_drift,True,20.302530711218346,24.0,PASS,NOMINAL_STABLE,NOMINAL_SPEC_AND_STABLE_KINETICS,3.2288342737015707,3.2288342737015707,PASS,NOMINAL_STABLE,NOMINAL_SPEC_AND_STABLE_KINETICS,COMPLIANT,True,SPEC_COMPLIANT,PEER_NORMAL,1.9925020571738792,29,PEER_NORMAL,STATIONARY,0.002244511216800516,2.4524241677674548,-0.0008004679237485304,0.09039788554647343,2.3620262822209814,False,TEMPORALLY_STATIONARY,4,NO_STEP,1.208265425937251,0.19207782637608295,1.208265425937251,,NOMINAL_STEP_INTERVAL,CHANNEL_BIAS_SUPPRESSED_SMALL_SAMPLE,False,CHANNEL_BIAS_SUPPRESSED_SMALL_SAMPLE,CH_01,-0.000451493515698953,0.5172413793103449,2,,True,CHANNEL_BIAS_SUPPRESSED_SMALL_SAMPLE,False,NOMINAL_CHAMBER_ENVIRONMENT,SUFFICIENT,True,DATA_SUFFICIENT_AND_VALID,"[0, 24, 96, 168]"
LOT_D02_C001,LOT_D02,168,RDS(on),linear_drift,stable,False,,,PASS,NOMINAL_STABLE,NOMINAL_SPEC_AND_STABLE_KINETICS,48.815357060648765,3.888044957219126,PASS,NOMINAL_STABLE,NOMINAL_SPEC_AND_STABLE_KINETICS,COMPLIANT,True,SPEC_COMPLIANT,PEER_NORMAL,0.3053214194169779,29,PEER_NORMAL,STATIONARY,0.00012189686335245223,0.24074396679196025,-0.00011397607506272476,0.018263656485304418,0.22248031030665583,False,TEMPORALLY_STATIONARY,4,NO_STEP,0.12365531228716602,0.011368250291815762,0.12365531228716602,,NOMINAL_STEP_INTERVAL,CHANNEL_BIAS_SUPPRESSED_SMALL_SAMPLE,False,CHANNEL_BIAS_SUPPRESSED_SMALL_SAMPLE,CH_01,-0.002991869729803698,0.5666666666666667,2,,True,CHANNEL_BIAS_SUPPRESSED_SMALL_SAMPLE,False,NOMINAL_CHAMBER_ENVIRONMENT,SUFFICIENT,True,DATA_SUFFICIENT_AND_VALID,"[0, 24, 96, 168]"
LOT_D02_C001,LOT_D02,168,IGSS,linear_drift,stable,False,,,PASS,NOMINAL_STABLE,NOMINAL_SPEC_AND_STABLE_KINETICS,1.286655504494302,1.0702884614689046,PASS,NOMINAL_STABLE,NOMINAL_SPEC_AND_STABLE_KINETICS,COMPLIANT,True,SPEC_COMPLIANT,PEER_NORMAL,0.6355152800321443,29,PEER_NORMAL,STATIONARY,-0.0009160941810537069,-0.09620473083379215,-0.006912233000575412,0.004699277674000156,-0.1009040085077923,False,TEMPORALLY_STATIONARY,4,NO_STEP,0.24214551478310964,0.5281141019273488,0.24214551478310964,,NOMINAL_STEP_INTERVAL,CHANNEL_BIAS_SUPPRESSED_SMALL_SAMPLE,False,CHANNEL_BIAS_SUPPRESSED_SMALL_SAMPLE,CH_01,-0.04218787905606036,0.5517241379310345,2,,True,CHANNEL_BIAS_SUPPRESSED_SMALL_SAMPLE,False,NOMINAL_CHAMBER_ENVIRONMENT,SUFFICIENT,True,DATA_SUFFICIENT_AND_VALID,"[0, 24, 96, 168]"
LOT_D03_C001,LOT_D03,168,IDSS,accelerating_drift,stable,False,,,FAIL,SPECIFICATION_FAILURE,RDS(on):ABSOLUTE_LIMIT_BREACH_RDSON_HIGH,0.3522335186075027,-1.0434609182050012,PASS,NOMINAL_STABLE,NOMINAL_SPEC_AND_STABLE_KINETICS,COMPLIANT,True,SPEC_COMPLIANT,PEER_NORMAL,-0.07913676896994525,29,PEER_NORMAL,STATIONARY,0.0013270131982821836,0.7345583016350024,0.0002645911898951853,-0.010636067707552536,0.7451943693425549,False,TEMPORALLY_STATIONARY,4,NO_STEP,0.5799032565154975,0.1386662355745487,0.5799032565154975,,NOMINAL_STEP_INTERVAL,CHANNEL_BIAS_SUPPRESSED_SMALL_SAMPLE,False,CHANNEL_BIAS_SUPPRESSED_SMALL_SAMPLE,CH_01,-0.01439557636859573,0.5666666666666667,2,,True,CHANNEL_BIAS_SUPPRESSED_SMALL_SAMPLE,False,NOMINAL_CHAMBER_ENVIRONMENT,SUFFICIENT,True,DATA_SUFFICIENT_AND_VALID,"[0, 24, 96, 168]"
LOT_D03_C001,LOT_D03,168,VGS(th),accelerating_drift,stable,False,,,FAIL,SPECIFICATION_FAILURE,RDS(on):ABSOLUTE_LIMIT_BREACH_RDSON_HIGH,3.031923049136255,3.031923049136255,PASS,NOMINAL_STABLE,NOMINAL_SPEC_AND_STABLE_KINETICS,COMPLIANT,True,SPEC_COMPLIANT,PEER_NORMAL,1.015577724842521,29,PEER_NORMAL,STATIONARY,-0.00018448597095017794,-0.2869500472651045,-0.0009145797675565818,-0.0496510040872338,-0.23729904317787068,False,TEMPORALLY_STATIONARY,4,NO_STEP,0.5768729061397312,0.07777877551639945,0.5768729061397312,,NOMINAL_STEP_INTERVAL,CHANNEL_BIAS_SUPPRESSED_SMALL_SAMPLE,False,CHANNEL_BIAS_SUPPRESSED_SMALL_SAMPLE,CH_01,0.001909747665237882,0.5333333333333333,2,,True,CHANNEL_BIAS_SUPPRESSED_SMALL_SAMPLE,False,NOMINAL_CHAMBER_ENVIRONMENT,SUFFICIENT,True,DATA_SUFFICIENT_AND_VALID,"[0, 24, 96, 168]"
LOT_D03_C001,LOT_D03,168,RDS(on),accelerating_drift,accelerating_drift,True,29.770282269749497,24.0,FAIL,SPECIFICATION_FAILURE,RDS(on):ABSOLUTE_LIMIT_BREACH_RDSON_HIGH,62.62052841957493,4.137093154373913,FAIL,SPECIFICATION_FAILURE,ABSOLUTE_LIMIT_BREACH_RDSON_HIGH,SPEC_BREACH,False,ABSOLUTE_LIMIT_BREACH_RDSON_HIGH,PEER_MILD_OUTLIER,3.073874512713954,29,MILD_PEER_OUTLIER,ACCELERATING_DRIFT,0.0015798912841174966,5.186117263953857,0.0033037094413436536,0.18642079284975824,4.999696471104099,False,ACCELERATING_TEMPORAL_DRIFT,4,NO_STEP,3.6387266648947554,0.28120279616840804,3.6387266648947554,,NOMINAL_STEP_INTERVAL,CHANNEL_BIAS_SUPPRESSED_SMALL_SAMPLE,False,CHANNEL_BIAS_SUPPRESSED_SMALL_SAMPLE,CH_01,0.008532812211923702,0.6333333333333333,2,,True,CHANNEL_BIAS_SUPPRESSED_SMALL_SAMPLE,False,NOMINAL_CHAMBER_ENVIRONMENT,SUFFICIENT,True,DATA_SUFFICIENT_AND_VALID,"[0, 24, 96, 168]"
LOT_D03_C001,LOT_D03,168,IGSS,accelerating_drift,stable,False,,,FAIL,SPECIFICATION_FAILURE,RDS(on):ABSOLUTE_LIMIT_BREACH_RDSON_HIGH,2.9564445246558133,1.804582275400533,PASS,NOMINAL_STABLE,NOMINAL_SPEC_AND_STABLE_KINETICS,COMPLIANT,True,SPEC_COMPLIANT,PEER_NORMAL,0.8510684863251654,29,PEER_NORMAL,STATIONARY,0.0010179545987177414,0.09283411889206701,0.01459002516030149,0.06136288108376165,0.03147123780830536,False,TEMPORALLY_STATIONARY,4,NO_STEP,0.31778763395441617,0.5966907184797685,0.31778763395441617,,NOMINAL_STEP_INTERVAL,CHANNEL_BIAS_SUPPRESSED_SMALL_SAMPLE,False,CHANNEL_BIAS_SUPPRESSED_SMALL_SAMPLE,CH_01,0.1446627177119672,0.6,2,,True,CHANNEL_BIAS_SUPPRESSED_SMALL_SAMPLE,False,NOMINAL_CHAMBER_ENVIRONMENT,SUFFICIENT,True,DATA_SUFFICIENT_AND_VALID,"[0, 24, 96, 168]"
LOT_D03_C002,LOT_D03,168,IDSS,accelerating_drift,stable,False,,,FAIL,SPECIFICATION_FAILURE,RDS(on):ABSOLUTE_LIMIT_BREACH_RDSON_HIGH,1.7490511873920924,0.55907346227035,ALERT,PEER_OUTLIER_STATIONARY,HIGH_BUT_STABLE_PEER_OUTLIER,COMPLIANT,True,SPEC_COMPLIANT,PEER_EXTREME_OUTLIER,6.093936467195381,29,EXTREME_PEER_OUTLIER,STATIONARY,0.001037394315971223,0.29594383739547353,-0.0034231853069805473,-0.010686136465613377,0.3066299738610869,False,TEMPORALLY_STATIONARY,4,NO_STEP,0.5258693248116734,0.12574566336103277,0.5258693248116734,,NOMINAL_STEP_INTERVAL,CHANNEL_BIAS_SUPPRESSED_SMALL_SAMPLE,False,CHANNEL_BIAS_SUPPRESSED_SMALL_SAMPLE,CH_02,-0.01439557636859573,0.5666666666666667,2,,True,CHANNEL_BIAS_SUPPRESSED_SMALL_SAMPLE,False,NOMINAL_CHAMBER_ENVIRONMENT,SUFFICIENT,True,DATA_SUFFICIENT_AND_VALID,"[0, 24, 96, 168]"
LOT_D03_C002,LOT_D03,168,VGS(th),accelerating_drift,stable,False,,,FAIL,SPECIFICATION_FAILURE,RDS(on):ABSOLUTE_LIMIT_BREACH_RDSON_HIGH,2.893164874374792,2.893164874374792,PASS,NOMINAL_STABLE,NOMINAL_SPEC_AND_STABLE_KINETICS,COMPLIANT,True,SPEC_COMPLIANT,PEER_NORMAL,-0.42846701142152005,29,PEER_NORMAL,STATIONARY,-0.00010924929889498722,-0.26068856550670116,9.229300200792107e-05,-0.05028943559161089,-0.21039912991509027,False,TEMPORALLY_STATIONARY,4,NO_STEP,0.2487429612453333,0.03353758295470888,0.2487429612453333,,NOMINAL_STEP_INTERVAL,CHANNEL_BIAS_SUPPRESSED_SMALL_SAMPLE,False,CHANNEL_BIAS_SUPPRESSED_SMALL_SAMPLE,CH_02,0.001909747665237882,0.5333333333333333,2,,True,CHANNEL_BIAS_SUPPRESSED_SMALL_SAMPLE,False,NOMINAL_CHAMBER_ENVIRONMENT,SUFFICIENT,True,DATA_SUFFICIENT_AND_VALID,"[0, 24, 96, 168]"
LOT_D03_C002,LOT_D03,168,RDS(on),accelerating_drift,accelerating_drift,True,47.034767554648816,24.0,FAIL,SPECIFICATION_FAILURE,RDS(on):ABSOLUTE_LIMIT_BREACH_RDSON_HIGH,77.10646080916618,4.345187074842702,FAIL,SPECIFICATION_FAILURE,ABSOLUTE_LIMIT_BREACH_RDSON_HIGH,SPEC_BREACH,False,ABSOLUTE_LIMIT_BREACH_RDSON_HIGH,PEER_EXTREME_OUTLIER,5.8151052114638135,29,EXTREME_PEER_OUTLIER,ACCELERATING_DRIFT,0.002149801211902027,6.788068021590418,0.003431240601894567,0.1787422468633904,6.6093257747270275,False,ACCELERATING_TEMPORAL_DRIFT,4,ABRUPT_JUMP_ALERT,4.5504532133524815,0.3516615248332333,4.5504532133524815,,ABRUPT_STEP_CHANGE,CHANNEL_BIAS_SUPPRESSED_SMALL_SAMPLE,False,CHANNEL_BIAS_SUPPRESSED_SMALL_SAMPLE,CH_02,0.008532812211923702,0.6333333333333333,2,,True,CHANNEL_BIAS_SUPPRESSED_SMALL_SAMPLE,False,NOMINAL_CHAMBER_ENVIRONMENT,SUFFICIENT,True,DATA_SUFFICIENT_AND_VALID,"[0, 24, 96, 168]"
LOT_D03_C002,LOT_D03,168,IGSS,accelerating_drift,stable,False,,,FAIL,SPECIFICATION_FAILURE,RDS(on):ABSOLUTE_LIMIT_BREACH_RDSON_HIGH,-2.117851340759174,-1.4951312449551812,PASS,NOMINAL_STABLE,NOMINAL_SPEC_AND_STABLE_KINETICS,COMPLIANT,True,SPEC_COMPLIANT,PEER_NORMAL,-1.214491900549046,29,PEER_NORMAL,STATIONARY,-0.003595800563367866,-0.37662256705535235,-0.013116129159368562,0.06264099630573622,-0.43926356336108857,False,TEMPORALLY_STATIONARY,4,NO_STEP,0.3657636426553291,0.6867723832233552,0.3657636426553291,,NOMINAL_STEP_INTERVAL,CHANNEL_BIAS_SUPPRESSED_SMALL_SAMPLE,False,CHANNEL_BIAS_SUPPRESSED_SMALL_SAMPLE,CH_02,0.1446627177119672,0.6,2,,True,CHANNEL_BIAS_SUPPRESSED_SMALL_SAMPLE,False,NOMINAL_CHAMBER_ENVIRONMENT,SUFFICIENT,True,DATA_SUFFICIENT_AND_VALID,"[0, 24, 96, 168]"
LOT_D03_C003,LOT_D03,168,IDSS,accelerating_drift,stable,False,,,FAIL,SPECIFICATION_FAILURE,RDS(on):ABSOLUTE_LIMIT_BREACH_RDSON_HIGH,0.3246161455281046,-1.1251118853724396,PASS,NOMINAL_STABLE,NOMINAL_SPEC_AND_STABLE_KINETICS,COMPLIANT,True,SPEC_COMPLIANT,PEER_NORMAL,-0.3413174823679218,29,PEER_NORMAL,STATIONARY,-0.0003251137014233146,-0.46572346306192275,0.0009540394977968646,0.005337542974899116,-0.4710610060368219,False,TEMPORALLY_STATIONARY,4,NO_STEP,0.7355488690470832,0.17588415240973898,0.7355488690470832,,NOMINAL_STEP_INTERVAL,CHANNEL_BIAS_SUPPRESSED_SMALL_SAMPLE,False,CHANNEL_BIAS_SUPPRESSED_SMALL_SAMPLE,CH_03,-0.01439557636859573,0.5666666666666667,2,,True,CHANNEL_BIAS_SUPPRESSED_SMALL_SAMPLE,False,NOMINAL_CHAMBER_ENVIRONMENT,SUFFICIENT,True,DATA_SUFFICIENT_AND_VALID,"[0, 24, 96, 168]"
LOT_D03_C003,LOT_D03,168,VGS(th),accelerating_drift,stable,False,,,FAIL,SPECIFICATION_FAILURE,RDS(on):ABSOLUTE_LIMIT_BREACH_RDSON_HIGH,2.754580407579407,2.754580407579407,PASS,NOMINAL_STABLE,NOMINAL_SPEC_AND_STABLE_KINETICS,COMPLIANT,True,SPEC_COMPLIANT,PEER_NORMAL,-1.8231880188784517,29,PEER_NORMAL,STATIONARY,-0.0002307666310700313,-0.32947353429501397,-0.000567921984766209,-0.050340446276750786,-0.2791330880182632,False,TEMPORALLY_STATIONARY,4,NO_STEP,0.27199529885039725,0.036672655390192155,0.27199529885039725,,NOMINAL_STEP_INTERVAL,CHANNEL_BIAS_SUPPRESSED_SMALL_SAMPLE,False,CHANNEL_BIAS_SUPPRESSED_SMALL_SAMPLE,CH_03,0.001909747665237882,0.5333333333333333,2,,True,CHANNEL_BIAS_SUPPRESSED_SMALL_SAMPLE,False,NOMINAL_CHAMBER_ENVIRONMENT,SUFFICIENT,True,DATA_SUFFICIENT_AND_VALID,"[0, 24, 96, 168]"
LOT_D03_C003,LOT_D03,168,RDS(on),accelerating_drift,accelerating_drift,True,23.618918925205985,24.0,FAIL,SPECIFICATION_FAILURE,RDS(on):ABSOLUTE_LIMIT_BREACH_RDSON_HIGH,60.710745951175824,4.106120716188843,FAIL,SPECIFICATION_FAILURE,ABSOLUTE_LIMIT_BREACH_RDSON_HIGH,SPEC_BREACH,False,ABSOLUTE_LIMIT_BREACH_RDSON_HIGH,PEER_NORMAL,2.665873172853668,29,PEER_NORMAL,ACCELERATING_DRIFT,0.0014549925536833904,3.95480272356502,0.0010344117614440008,0.18642079284975824,3.7683819307152615,False,ACCELERATING_TEMPORAL_DRIFT,4,NO_STEP,2.005372768081662,0.1549763094834864,2.005372768081662,,NOMINAL_STEP_INTERVAL,CHANNEL_BIAS_SUPPRESSED_SMALL_SAMPLE,False,CHANNEL_BIAS_SUPPRESSED_SMALL_SAMPLE,CH_03,0.008532812211923702,0.6333333333333333,2,,True,CHANNEL_BIAS_SUPPRESSED_SMALL_SAMPLE,False,NOMINAL_CHAMBER_ENVIRONMENT,SUFFICIENT,True,DATA_SUFFICIENT_AND_VALID,"[0, 24, 96, 168]"
LOT_D03_C003,LOT_D03,168,IGSS,accelerating_drift,stable,False,,,FAIL,SPECIFICATION_FAILURE,RDS(on):ABSOLUTE_LIMIT_BREACH_RDSON_HIGH,2.7869167666455033,1.7488193923119388,PASS,NOMINAL_STABLE,NOMINAL_SPEC_AND_STABLE_KINETICS,COMPLIANT,True,SPEC_COMPLIANT,PEER_NORMAL,0.8222963119473939,29,PEER_NORMAL,STATIONARY,-0.002176966866591338,0.003933358059448127,0.013050808778476222,0.06230862544286115,-0.058375267383413025,False,TEMPORALLY_STATIONARY,4,NO_STEP,0.28030986067631175,0.5263209586937672,0.28030986067631175,,NOMINAL_STEP_INTERVAL,CHANNEL_BIAS_SUPPRESSED_SMALL_SAMPLE,False,CHANNEL_BIAS_SUPPRESSED_SMALL_SAMPLE,CH_03,0.1446627177119672,0.6,2,,True,CHANNEL_BIAS_SUPPRESSED_SMALL_SAMPLE,False,NOMINAL_CHAMBER_ENVIRONMENT,SUFFICIENT,True,DATA_SUFFICIENT_AND_VALID,"[0, 24, 96, 168]"
LOT_D04_C001,LOT_D04,168,IDSS,linear_drift,linear_drift,True,2.344972513010468,24.0,PASS,NOMINAL_STABLE,NOMINAL_SPEC_AND_STABLE_KINETICS,0.6454469417272067,-0.437812269243128,PASS,NOMINAL_STABLE,NOMINAL_SPEC_AND_STABLE_KINETICS,COMPLIANT,True,SPEC_COMPLIANT,PEER_NORMAL,0.26873240880738164,29,PEER_NORMAL,STATIONARY,0.0005729794575339571,0.3465201063618917,0.0035299345083010633,0.08394454004936003,0.26257556631253165,False,TEMPORALLY_STATIONARY,4,NO_STEP,0.5404881916411104,0.16097756515347905,0.5404881916411104,,NOMINAL_STEP_INTERVAL,CHANNEL_BIAS_SUPPRESSED_SMALL_SAMPLE,False,CHANNEL_BIAS_SUPPRESSED_SMALL_SAMPLE,CH_01,0.04229767599513923,0.7,2,,True,CHANNEL_BIAS_SUPPRESSED_SMALL_SAMPLE,False,NOMINAL_CHAMBER_ENVIRONMENT,SUFFICIENT,True,DATA_SUFFICIENT_AND_VALID,"[0, 24, 96, 168]"
LOT_D04_C001,LOT_D04,168,VGS(th),linear_drift,stable,False,,,PASS,NOMINAL_STABLE,NOMINAL_SPEC_AND_STABLE_KINETICS,3.3166178989496276,3.3166178989496276,PASS,NOMINAL_STABLE,NOMINAL_SPEC_AND_STABLE_KINETICS,COMPLIANT,True,SPEC_COMPLIANT,PEER_NORMAL,2.60008378923311,29,PEER_NORMAL,STATIONARY,-9.356288986978277e-05,-0.16918561555787645,0.00038725708926788205,-0.020803098542957872,-0.14838251701491859,False,TEMPORALLY_STATIONARY,4,NO_STEP,0.40735941692376665,0.03434369488651923,0.40735941692376665,,NOMINAL_STEP_INTERVAL,CHANNEL_BIAS_SUPPRESSED_SMALL_SAMPLE,False,CHANNEL_BIAS_SUPPRESSED_SMALL_SAMPLE,CH_01,0.008823912264597888,0.5666666666666667,2,,True,CHANNEL_BIAS_SUPPRESSED_SMALL_SAMPLE,False,NOMINAL_CHAMBER_ENVIRONMENT,SUFFICIENT,True,DATA_SUFFICIENT_AND_VALID,"[0, 24, 96, 168]"
LOT_D04_C001,LOT_D04,168,RDS(on),linear_drift,stable,False,,,PASS,NOMINAL_STABLE,NOMINAL_SPEC_AND_STABLE_KINETICS,49.14645433501314,3.8948047043167855,PASS,NOMINAL_STABLE,NOMINAL_SPEC_AND_STABLE_KINETICS,COMPLIANT,True,SPEC_COMPLIANT,PEER_NORMAL,0.44223149193391703,29,PEER_NORMAL,STATIONARY,4.734081123819984e-05,0.13703400164109175,0.0005253950208084317,-0.03269432959131432,0.16972833123240608,False,TEMPORALLY_STATIONARY,4,NO_STEP,0.2577192893982225,0.02613014497051136,0.2577192893982225,,NOMINAL_STEP_INTERVAL,CHANNEL_BIAS_SUPPRESSED_SMALL_SAMPLE,False,CHANNEL_BIAS_SUPPRESSED_SMALL_SAMPLE,CH_01,0.002925092473838875,0.6,2,,True,CHANNEL_BIAS_SUPPRESSED_SMALL_SAMPLE,False,NOMINAL_CHAMBER_ENVIRONMENT,SUFFICIENT,True,DATA_SUFFICIENT_AND_VALID,"[0, 24, 96, 168]"
LOT_D04_C001,LOT_D04,168,IGSS,linear_drift,stable,False,,,PASS,NOMINAL_STABLE,NOMINAL_SPEC_AND_STABLE_KINETICS,3.5515439099839217,1.9797851060469924,PASS,NOMINAL_STABLE,NOMINAL_SPEC_AND_STABLE_KINETICS,COMPLIANT,True,SPEC_COMPLIANT,PEER_NORMAL,1.1836140608671455,29,PEER_NORMAL,STATIONARY,0.0020561800976558573,0.24916869002558334,0.008656011648512247,0.04884436473435122,0.20032432529123212,False,TEMPORALLY_STATIONARY,4,NO_STEP,0.5205652213649633,1.0301429922525622,0.5205652213649633,,NOMINAL_STEP_INTERVAL,CHANNEL_BIAS_SUPPRESSED_SMALL_SAMPLE,False,CHANNEL_BIAS_SUPPRESSED_SMALL_SAMPLE,CH_01,-0.015518988513173015,0.5,2,,True,CHANNEL_BIAS_SUPPRESSED_SMALL_SAMPLE,False,NOMINAL_CHAMBER_ENVIRONMENT,SUFFICIENT,True,DATA_SUFFICIENT_AND_VALID,"[0, 24, 96, 168]"
LOT_D04_C002,LOT_D04,168,IDSS,linear_drift,linear_drift,True,1.8119912835443177,24.0,ALERT,PEER_OUTLIER_STATIONARY,IDSS:HIGH_BUT_STABLE_PEER_OUTLIER,1.7503936691447628,0.5598407164341185,ALERT,PEER_OUTLIER_STATIONARY,HIGH_BUT_STABLE_PEER_OUTLIER,COMPLIANT,True,SPEC_COMPLIANT,PEER_MILD_OUTLIER,3.2279038214348765,29,MILD_PEER_OUTLIER,STATIONARY,-6.002976459126467e-05,-0.2168414803898615,-0.006226487597102697,0.14086408669001574,-0.3577055670798772,False,TEMPORALLY_STATIONARY,4,NO_STEP,0.8243968916783017,0.24553617709855502,0.8243968916783017,,NOMINAL_STEP_INTERVAL,CHANNEL_BIAS_SUPPRESSED_SMALL_SAMPLE,False,CHANNEL_BIAS_SUPPRESSED_SMALL_SAMPLE,CH_02,0.04229767599513923,0.7,2,,True,CHANNEL_BIAS_SUPPRESSED_SMALL_SAMPLE,False,NOMINAL_CHAMBER_ENVIRONMENT,SUFFICIENT,True,DATA_SUFFICIENT_AND_VALID,"[0, 24, 96, 168]"
LOT_D04_C002,LOT_D04,168,VGS(th),linear_drift,stable,False,,,ALERT,PEER_OUTLIER_STATIONARY,IDSS:HIGH_BUT_STABLE_PEER_OUTLIER,2.9874888191625044,2.9874888191625044,PASS,NOMINAL_STABLE,NOMINAL_SPEC_AND_STABLE_KINETICS,COMPLIANT,True,SPEC_COMPLIANT,PEER_NORMAL,-1.0326989031135645,29,PEER_NORMAL,STATIONARY,-0.00021283351811472598,-0.4015834294817076,-0.0007854211437375672,-0.02006274226441249,-0.3815206872172951,False,TEMPORALLY_STATIONARY,4,NO_STEP,0.5044349253563534,0.04252794570791707,0.5044349253563534,,NOMINAL_STEP_INTERVAL,CHANNEL_BIAS_SUPPRESSED_SMALL_SAMPLE,False,CHANNEL_BIAS_SUPPRESSED_SMALL_SAMPLE,CH_02,0.008823912264597888,0.5666666666666667,2,,True,CHANNEL_BIAS_SUPPRESSED_SMALL_SAMPLE,False,NOMINAL_CHAMBER_ENVIRONMENT,SUFFICIENT,True,DATA_SUFFICIENT_AND_VALID,"[0, 24, 96, 168]"
LOT_D04_C002,LOT_D04,168,RDS(on),linear_drift,stable,False,,,ALERT,PEER_OUTLIER_STATIONARY,IDSS:HIGH_BUT_STABLE_PEER_OUTLIER,41.944215016311055,3.736340521528098,PASS,NOMINAL_STABLE,NOMINAL_SPEC_AND_STABLE_KINETICS,COMPLIANT,True,SPEC_COMPLIANT,PEER_NORMAL,-1.781248068773501,29,PEER_NORMAL,STATIONARY,-2.3048429958911448e-05,-0.03499409876805386,3.487429182993631e-05,-0.009830520115304874,-0.025163578652748986,False,TEMPORALLY_STATIONARY,4,NO_STEP,0.030377076088425534,0.0030799301201871465,0.030377076088425534,,NOMINAL_STEP_INTERVAL,CHANNEL_BIAS_SUPPRESSED_SMALL_SAMPLE,False,CHANNEL_BIAS_SUPPRESSED_SMALL_SAMPLE,CH_02,0.002925092473838875,0.6,2,,True,CHANNEL_BIAS_SUPPRESSED_SMALL_SAMPLE,False,NOMINAL_CHAMBER_ENVIRONMENT,SUFFICIENT,True,DATA_SUFFICIENT_AND_VALID,"[0, 24, 96, 168]"
LOT_D04_C002,LOT_D04,168,IGSS,linear_drift,stable,False,,,ALERT,PEER_OUTLIER_STATIONARY,IDSS:HIGH_BUT_STABLE_PEER_OUTLIER,-1.3677196807286696,-1.119075171335033,PASS,NOMINAL_STABLE,NOMINAL_SPEC_AND_STABLE_KINETICS,COMPLIANT,True,SPEC_COMPLIANT,PEER_NORMAL,-0.44708757792320186,29,PEER_NORMAL,STATIONARY,0.0022284615203015,0.1415666958865664,-0.006506554872045384,0.053831266136728305,0.08773542974983808,False,TEMPORALLY_STATIONARY,4,NO_STEP,0.24075155117256694,0.4764216146903859,0.24075155117256694,,NOMINAL_STEP_INTERVAL,CHANNEL_BIAS_SUPPRESSED_SMALL_SAMPLE,False,CHANNEL_BIAS_SUPPRESSED_SMALL_SAMPLE,CH_02,-0.015518988513173015,0.5,2,,True,CHANNEL_BIAS_SUPPRESSED_SMALL_SAMPLE,False,NOMINAL_CHAMBER_ENVIRONMENT,SUFFICIENT,True,DATA_SUFFICIENT_AND_VALID,"[0, 24, 96, 168]"
LOT_D04_C003,LOT_D04,168,IDSS,linear_drift,linear_drift,True,2.0888475272091034,24.0,PASS,NOMINAL_STABLE,NOMINAL_SPEC_AND_STABLE_KINETICS,0.6205886007752837,-0.4770868952073166,PASS,NOMINAL_STABLE,NOMINAL_SPEC_AND_STABLE_KINETICS,COMPLIANT,True,SPEC_COMPLIANT,PEER_NORMAL,0.16235938279406886,29,PEER_NORMAL,STATIONARY,0.0006927310130761655,0.3732808068676298,0.0029676084361904722,0.07814648675145769,0.29513432011617213,False,TEMPORALLY_STATIONARY,4,NO_STEP,0.5546847994684265,0.1652058450619468,0.5546847994684265,,NOMINAL_STEP_INTERVAL,CHANNEL_BIAS_SUPPRESSED_SMALL_SAMPLE,False,CHANNEL_BIAS_SUPPRESSED_SMALL_SAMPLE,CH_03,0.04229767599513923,0.7,2,,True,CHANNEL_BIAS_SUPPRESSED_SMALL_SAMPLE,False,NOMINAL_CHAMBER_ENVIRONMENT,SUFFICIENT,True,DATA_SUFFICIENT_AND_VALID,"[0, 24, 96, 168]"
LOT_D04_C003,LOT_D04,168,VGS(th),linear_drift,stable,False,,,PASS,NOMINAL_STABLE,NOMINAL_SPEC_AND_STABLE_KINETICS,2.962948538562333,2.962948538562333,PASS,NOMINAL_STABLE,NOMINAL_SPEC_AND_STABLE_KINETICS,COMPLIANT,True,SPEC_COMPLIANT,PEER_NORMAL,-1.2805498966115305,29,PEER_NORMAL,STATIONARY,-6.814885116739653e-06,-0.16225560212395343,-0.0013351105707288813,-0.02059258554129681,-0.14166301658265662,False,TEMPORALLY_STATIONARY,4,NO_STEP,0.6350104770455441,0.05353652123249297,0.6350104770455441,,NOMINAL_STEP_INTERVAL,CHANNEL_BIAS_SUPPRESSED_SMALL_SAMPLE,False,CHANNEL_BIAS_SUPPRESSED_SMALL_SAMPLE,CH_03,0.008823912264597888,0.5666666666666667,2,,True,CHANNEL_BIAS_SUPPRESSED_SMALL_SAMPLE,False,NOMINAL_CHAMBER_ENVIRONMENT,SUFFICIENT,True,DATA_SUFFICIENT_AND_VALID,"[0, 24, 96, 168]"
LOT_D04_C003,LOT_D04,168,RDS(on),linear_drift,stable,False,,,PASS,NOMINAL_STABLE,NOMINAL_SPEC_AND_STABLE_KINETICS,48.44546108391261,3.880438651469714,PASS,NOMINAL_STABLE,NOMINAL_SPEC_AND_STABLE_KINETICS,COMPLIANT,True,SPEC_COMPLIANT,PEER_NORMAL,0.30506011126540206,29,PEER_NORMAL,STATIONARY,-0.00012954544747011923,-0.21243419025619378,-0.0003250671450256889,-0.009184470411257774,-0.203249719844936,False,TEMPORALLY_STATIONARY,4,NO_STEP,0.24259295522640448,0.02459648675771353,0.24259295522640448,,NOMINAL_STEP_INTERVAL,CHANNEL_BIAS_SUPPRESSED_SMALL_SAMPLE,False,CHANNEL_BIAS_SUPPRESSED_SMALL_SAMPLE,CH_03,0.002925092473838875,0.6,2,,True,CHANNEL_BIAS_SUPPRESSED_SMALL_SAMPLE,False,NOMINAL_CHAMBER_ENVIRONMENT,SUFFICIENT,True,DATA_SUFFICIENT_AND_VALID,"[0, 24, 96, 168]"
LOT_D04_C003,LOT_D04,168,IGSS,linear_drift,stable,False,,,PASS,NOMINAL_STABLE,NOMINAL_SPEC_AND_STABLE_KINETICS,3.6846994808157754,2.015260901304305,PASS,NOMINAL_STABLE,NOMINAL_SPEC_AND_STABLE_KINETICS,COMPLIANT,True,SPEC_COMPLIANT,PEER_NORMAL,1.200664099054335,29,PEER_NORMAL,STATIONARY,0.0036373966871649024,0.32347396513073223,0.005021872490882876,0.04884436473435122,0.274629600396381,False,TEMPORALLY_STATIONARY,4,NO_STEP,0.30877661719075,0.6110359572936155,0.30877661719075,,NOMINAL_STEP_INTERVAL,CHANNEL_BIAS_SUPPRESSED_SMALL_SAMPLE,False,CHANNEL_BIAS_SUPPRESSED_SMALL_SAMPLE,CH_03,-0.015518988513173015,0.5,2,,True,CHANNEL_BIAS_SUPPRESSED_SMALL_SAMPLE,False,NOMINAL_CHAMBER_ENVIRONMENT,SUFFICIENT,True,DATA_SUFFICIENT_AND_VALID,"[0, 24, 96, 168]"
LOT_M01_C002,LOT_M01,168,IDSS,mixed_compound,high_but_stable,False,,,FAIL,SPECIFICATION_FAILURE,RDS(on):ABSOLUTE_LIMIT_BREACH_RDSON_HIGH,2.5443078877544876,0.9338586632156601,ALERT,PEER_OUTLIER_STATIONARY,HIGH_BUT_STABLE_PEER_OUTLIER,COMPLIANT,True,SPEC_COMPLIANT,PEER_MILD_OUTLIER,4.145807146859448,29,MILD_PEER_OUTLIER,STATIONARY,0.0007164053546844262,0.579207022865951,0.0007961814051603798,-0.06461918189652995,0.643826204762481,False,TEMPORALLY_STATIONARY,4,NO_STEP,0.37605779985788335,0.10250253147517652,0.37605779985788335,,NOMINAL_STEP_INTERVAL,CHANNEL_BIAS_SUPPRESSED_SMALL_SAMPLE,False,CHANNEL_BIAS_SUPPRESSED_SMALL_SAMPLE,CH_02,-0.04483870880796326,0.6666666666666666,2,,True,CHANNEL_BIAS_SUPPRESSED_SMALL_SAMPLE,False,NOMINAL_CHAMBER_ENVIRONMENT,SUFFICIENT,True,DATA_SUFFICIENT_AND_VALID,"[0, 24, 96, 168]"
LOT_M01_C002,LOT_M01,168,VGS(th),mixed_compound,stable,False,,,FAIL,SPECIFICATION_FAILURE,RDS(on):ABSOLUTE_LIMIT_BREACH_RDSON_HIGH,2.958694539434798,2.958694539434798,PASS,NOMINAL_STABLE,NOMINAL_SPEC_AND_STABLE_KINETICS,COMPLIANT,True,SPEC_COMPLIANT,PEER_NORMAL,-1.6875727088566588,29,PEER_NORMAL,STATIONARY,0.0002543872400518247,0.1985086112376133,-0.0005915107803929774,0.028235321551003795,0.17027328968660949,False,TEMPORALLY_STATIONARY,4,NO_STEP,0.23329544222685383,0.026863484328722542,0.23329544222685383,,NOMINAL_STEP_INTERVAL,CHANNEL_BIAS_SUPPRESSED_SMALL_SAMPLE,False,CHANNEL_BIAS_SUPPRESSED_SMALL_SAMPLE,CH_02,-0.0001843043713400938,0.5333333333333333,2,,True,CHANNEL_BIAS_SUPPRESSED_SMALL_SAMPLE,False,NOMINAL_CHAMBER_ENVIRONMENT,SUFFICIENT,True,DATA_SUFFICIENT_AND_VALID,"[0, 24, 96, 168]"
LOT_M01_C002,LOT_M01,168,RDS(on),mixed_compound,accelerating_drift,True,46.10903458641683,24.0,FAIL,SPECIFICATION_FAILURE,RDS(on):ABSOLUTE_LIMIT_BREACH_RDSON_HIGH,79.64317003313974,4.377556282938468,FAIL,SPECIFICATION_FAILURE,ABSOLUTE_LIMIT_BREACH_RDSON_HIGH,SPEC_BREACH,False,ABSOLUTE_LIMIT_BREACH_RDSON_HIGH,PEER_EXTREME_OUTLIER,7.0399978759881074,29,EXTREME_PEER_OUTLIER,ACCELERATING_DRIFT,0.0023045016658201074,4.792332341795875,0.0019709995384072426,0.009454011893989943,4.7828783299018856,False,ACCELERATING_TEMPORAL_DRIFT,4,NO_STEP,2.7983713578702867,0.28627470948661493,2.7983713578702867,,NOMINAL_STEP_INTERVAL,CHANNEL_BIAS_SUPPRESSED_SMALL_SAMPLE,False,CHANNEL_BIAS_SUPPRESSED_SMALL_SAMPLE,CH_02,-0.002070208878295343,0.6333333333333333,2,,True,CHANNEL_BIAS_SUPPRESSED_SMALL_SAMPLE,False,NOMINAL_CHAMBER_ENVIRONMENT,SUFFICIENT,True,DATA_SUFFICIENT_AND_VALID,"[0, 24, 96, 168]"
LOT_M01_C002,LOT_M01,168,IGSS,mixed_compound,stable,False,,,FAIL,SPECIFICATION_FAILURE,RDS(on):ABSOLUTE_LIMIT_BREACH_RDSON_HIGH,-1.934424245900103,-1.4139185181433167,PASS,NOMINAL_STABLE,NOMINAL_SPEC_AND_STABLE_KINETICS,COMPLIANT,True,SPEC_COMPLIANT,PEER_NORMAL,-0.6760405453409887,29,PEER_NORMAL,STATIONARY,-0.0014440908680355856,-0.20668767372871116,-0.007231426729783834,0.05544133550988256,-0.2621290092385937,False,TEMPORALLY_STATIONARY,4,NO_STEP,0.258568467975891,0.5402783877819626,0.258568467975891,,NOMINAL_STEP_INTERVAL,CHANNEL_BIAS_SUPPRESSED_SMALL_SAMPLE,False,CHANNEL_BIAS_SUPPRESSED_SMALL_SAMPLE,CH_02,-0.05602775960145179,0.5517241379310345,2,,True,CHANNEL_BIAS_SUPPRESSED_SMALL_SAMPLE,False,NOMINAL_CHAMBER_ENVIRONMENT,SUFFICIENT,True,DATA_SUFFICIENT_AND_VALID,"[0, 24, 96, 168]"
LOT_M01_C003,LOT_M01,168,IDSS,subtle_abrupt_change,stable,False,,,PASS,NOMINAL_STABLE,NOMINAL_SPEC_AND_STABLE_KINETICS,0.538702619570147,-0.618591586544994,PASS,NOMINAL_STABLE,NOMINAL_SPEC_AND_STABLE_KINETICS,COMPLIANT,True,SPEC_COMPLIANT,PEER_NORMAL,-0.49030734574927237,29,PEER_NORMAL,STATIONARY,0.0005891180485281443,0.4189044869513673,0.0013144361946143609,-0.05264278231360618,0.4715472692649735,False,TEMPORALLY_STATIONARY,4,NO_STEP,0.27815387015734544,0.07581673838840808,0.27815387015734544,,NOMINAL_STEP_INTERVAL,CHANNEL_BIAS_SUPPRESSED_SMALL_SAMPLE,False,CHANNEL_BIAS_SUPPRESSED_SMALL_SAMPLE,CH_03,-0.04483870880796326,0.6666666666666666,2,,True,CHANNEL_BIAS_SUPPRESSED_SMALL_SAMPLE,False,NOMINAL_CHAMBER_ENVIRONMENT,SUFFICIENT,True,DATA_SUFFICIENT_AND_VALID,"[0, 24, 96, 168]"
LOT_M01_C003,LOT_M01,168,VGS(th),subtle_abrupt_change,stable,False,,,PASS,NOMINAL_STABLE,NOMINAL_SPEC_AND_STABLE_KINETICS,3.0914230727332095,3.0914230727332095,PASS,NOMINAL_STABLE,NOMINAL_SPEC_AND_STABLE_KINETICS,COMPLIANT,True,SPEC_COMPLIANT,PEER_NORMAL,-0.43563614071568657,29,PEER_NORMAL,STATIONARY,-0.00020060148284232915,-0.14646078421752198,-4.152207594798e-05,0.03256432097777024,-0.17902510519529222,False,TEMPORALLY_STATIONARY,4,NO_STEP,0.233223038901435,0.026855147236582333,0.233223038901435,,NOMINAL_STEP_INTERVAL,CHANNEL_BIAS_SUPPRESSED_SMALL_SAMPLE,False,CHANNEL_BIAS_SUPPRESSED_SMALL_SAMPLE,CH_03,-0.0001843043713400938,0.5333333333333333,2,,True,CHANNEL_BIAS_SUPPRESSED_SMALL_SAMPLE,False,NOMINAL_CHAMBER_ENVIRONMENT,SUFFICIENT,True,DATA_SUFFICIENT_AND_VALID,"[0, 24, 96, 168]"
LOT_M01_C003,LOT_M01,168,RDS(on),subtle_abrupt_change,stable,False,,,PASS,NOMINAL_STABLE,NOMINAL_SPEC_AND_STABLE_KINETICS,46.00235944072998,3.828692687363478,PASS,NOMINAL_STABLE,NOMINAL_SPEC_AND_STABLE_KINETICS,COMPLIANT,True,SPEC_COMPLIANT,PEER_NORMAL,-0.5642627909133662,29,PEER_NORMAL,STATIONARY,9.855719214617606e-05,0.009036379932044125,-0.0008832955181406724,0.03661841462127204,-0.027582034689227916,False,TEMPORALLY_STATIONARY,4,NO_STEP,0.4499534320843176,0.04603044827848546,0.4499534320843176,,NOMINAL_STEP_INTERVAL,CHANNEL_BIAS_SUPPRESSED_SMALL_SAMPLE,False,CHANNEL_BIAS_SUPPRESSED_SMALL_SAMPLE,CH_03,-0.002070208878295343,0.6333333333333333,2,,True,CHANNEL_BIAS_SUPPRESSED_SMALL_SAMPLE,False,NOMINAL_CHAMBER_ENVIRONMENT,SUFFICIENT,True,DATA_SUFFICIENT_AND_VALID,"[0, 24, 96, 168]"
LOT_M01_C003,LOT_M01,168,IGSS,subtle_abrupt_change,subtle_abrupt_change,True,26.638488648734743,96.0,PASS,NOMINAL_STABLE,NOMINAL_SPEC_AND_STABLE_KINETICS,10.972567699309275,3.0906155147110934,PASS,NOMINAL_STABLE,NOMINAL_SPEC_AND_STABLE_KINETICS,COMPLIANT,True,SPEC_COMPLIANT,PEER_NORMAL,1.413324166822885,29,PEER_NORMAL,STATIONARY,0.018446140745340775,1.1206794273339877,-0.025799376035931295,0.015449469727320215,1.1052299576066675,False,TEMPORALLY_STATIONARY,4,NO_STEP,0.7829246716853958,1.6359198114301716,0.7829246716853958,,NOMINAL_STEP_INTERVAL,CHANNEL_BIAS_SUPPRESSED_SMALL_SAMPLE,False,CHANNEL_BIAS_SUPPRESSED_SMALL_SAMPLE,CH_03,-0.05602775960145179,0.5517241379310345,2,,True,CHANNEL_BIAS_SUPPRESSED_SMALL_SAMPLE,False,NOMINAL_CHAMBER_ENVIRONMENT,SUFFICIENT,True,DATA_SUFFICIENT_AND_VALID,"[0, 24, 96, 168]"
