component_id,lot_id,checkpoint,parameter,component_scenario,gt_param_scenario,gt_is_degraded,gt_snr,comp_final_state,comp_qualifier,comp_primary_reason,observed_value,transformed_value,parameter_state,disposition_qualifier,primary_reason_code,d_spec_status,d_spec_passed,d_spec_reason,d_peer_status,peer_z_score,peer_count,d_peer_reason,d_drift_status,drift_slope_per_hour,normalized_drift_g,acceleration_evidence,g_lot,g_excess,drift_confounded,d_drift_reason,drift_obs_count,d_step_status,step_ratio,step_magnitude,max_step_ratio,max_step_interval,d_step_reason,d_eq_status,d_eq_suspected,d_eq_reason,channel_id,lot_median_shift,fraction_shifting,ate_n_channel,ate_z_score,ate_suppressed,ate_reason,chamber_suspected,chamber_reason,d_suff_status,d_suff_sufficient,d_suff_reason,suff_available_cps
LOT_D02_C011,LOT_D02,168,IDSS,stable,stable,False,,ALERT,PEER_OUTLIER_STATIONARY,RDS(on):HIGH_BUT_STABLE_PEER_OUTLIER,0.6419431004570558,-0.44325560779148393,PASS,NOMINAL_STABLE,NOMINAL_SPEC_AND_STABLE_KINETICS,COMPLIANT,True,SPEC_COMPLIANT,PEER_NORMAL,0.04257286687361871,29,PEER_NORMAL,STATIONARY,0.00019130741188415457,0.13872582313403514,0.0004961927309947788,-0.08823117079829929,0.22695699393233443,False,TEMPORALLY_STATIONARY,4,NO_STEP,0.27276282850743555,0.054916031495048756,0.27276282850743555,,NOMINAL_STEP_INTERVAL,CHANNEL_BIAS_SUPPRESSED_SMALL_SAMPLE,False,CHANNEL_BIAS_SUPPRESSED_SMALL_SAMPLE,CH_11,-0.02132309697808421,0.6666666666666666,2,,True,CHANNEL_BIAS_SUPPRESSED_SMALL_SAMPLE,False,NOMINAL_CHAMBER_ENVIRONMENT,SUFFICIENT,True,DATA_SUFFICIENT_AND_VALID,"[0, 24, 96, 168]"
LOT_D02_C011,LOT_D02,168,VGS(th),stable,stable,False,,ALERT,PEER_OUTLIER_STATIONARY,RDS(on):HIGH_BUT_STABLE_PEER_OUTLIER,2.8760810170536937,2.8760810170536937,PASS,NOMINAL_STABLE,NOMINAL_SPEC_AND_STABLE_KINETICS,COMPLIANT,True,SPEC_COMPLIANT,PEER_NORMAL,-0.28453265605363787,29,PEER_NORMAL,STATIONARY,0.00024865699539505364,0.331344381054258,0.0005219728653940961,0.09265100254130758,0.23869337851295042,False,TEMPORALLY_STATIONARY,4,NO_STEP,0.1860060611719222,0.029569363780284963,0.1860060611719222,,NOMINAL_STEP_INTERVAL,CHANNEL_BIAS_SUPPRESSED_SMALL_SAMPLE,False,CHANNEL_BIAS_SUPPRESSED_SMALL_SAMPLE,CH_11,-0.000451493515698953,0.5172413793103449,2,,True,CHANNEL_BIAS_SUPPRESSED_SMALL_SAMPLE,False,NOMINAL_CHAMBER_ENVIRONMENT,SUFFICIENT,True,DATA_SUFFICIENT_AND_VALID,"[0, 24, 96, 168]"
LOT_D02_C011,LOT_D02,168,RDS(on),stable,stable,False,,ALERT,PEER_OUTLIER_STATIONARY,RDS(on):HIGH_BUT_STABLE_PEER_OUTLIER,37.80277824517322,3.632382598474212,ALERT,PEER_OUTLIER_STATIONARY,HIGH_BUT_STABLE_PEER_OUTLIER,COMPLIANT,True,SPEC_COMPLIANT,PEER_MILD_OUTLIER,-3.043315464647265,29,MILD_PEER_OUTLIER,STATIONARY,-2.920841551161512e-05,-0.18577230245569776,-0.0003224309152602042,0.04015122641688622,-0.225923528872584,False,TEMPORALLY_STATIONARY,4,NO_STEP,0.2342283748518256,0.02153378404461126,0.2342283748518256,,NOMINAL_STEP_INTERVAL,CHANNEL_BIAS_SUPPRESSED_SMALL_SAMPLE,False,CHANNEL_BIAS_SUPPRESSED_SMALL_SAMPLE,CH_11,-0.002991869729803698,0.5666666666666667,2,,True,CHANNEL_BIAS_SUPPRESSED_SMALL_SAMPLE,False,NOMINAL_CHAMBER_ENVIRONMENT,SUFFICIENT,True,DATA_SUFFICIENT_AND_VALID,"[0, 24, 96, 168]"
LOT_D02_C011,LOT_D02,168,IGSS,stable,stable,False,,ALERT,PEER_OUTLIER_STATIONARY,RDS(on):HIGH_BUT_STABLE_PEER_OUTLIER,1.5228579269889355,1.207375996387441,PASS,NOMINAL_STABLE,NOMINAL_SPEC_AND_STABLE_KINETICS,COMPLIANT,True,SPEC_COMPLIANT,PEER_NORMAL,0.7041055052636447,29,PEER_NORMAL,STATIONARY,-0.00239505827478661,-0.22841520375387966,-0.010383232236783665,0.004699277674000156,-0.23311448142787983,False,TEMPORALLY_STATIONARY,4,NO_STEP,0.2190460269096873,0.47773462120815835,0.2190460269096873,,NOMINAL_STEP_INTERVAL,CHANNEL_BIAS_SUPPRESSED_SMALL_SAMPLE,False,CHANNEL_BIAS_SUPPRESSED_SMALL_SAMPLE,CH_11,-0.04218787905606036,0.5517241379310345,2,,True,CHANNEL_BIAS_SUPPRESSED_SMALL_SAMPLE,False,NOMINAL_CHAMBER_ENVIRONMENT,SUFFICIENT,True,DATA_SUFFICIENT_AND_VALID,"[0, 24, 96, 168]"
LOT_L01_C008,LOT_L01,168,IDSS,stable,stable,False,,ALERT,PEER_OUTLIER_STATIONARY,IDSS:HIGH_BUT_STABLE_PEER_OUTLIER,2.105441963189576,0.7445254038559825,ALERT,PEER_OUTLIER_STATIONARY,HIGH_BUT_STABLE_PEER_OUTLIER,COMPLIANT,True,SPEC_COMPLIANT,PEER_MILD_OUTLIER,4.870321592959771,29,MILD_PEER_OUTLIER,STATIONARY,0.0007753068273378559,0.35302393727918224,0.0005419097789045159,-0.08150925226734902,0.43453318954653125,False,TEMPORALLY_STATIONARY,4,NO_STEP,0.36645667653910424,0.11069592860305599,0.36645667653910424,,NOMINAL_STEP_INTERVAL,CHANNEL_BIAS_SUPPRESSED_SMALL_SAMPLE,False,CHANNEL_BIAS_SUPPRESSED_SMALL_SAMPLE,CH_08,-0.00549320155619068,0.5,2,,True,CHANNEL_BIAS_SUPPRESSED_SMALL_SAMPLE,False,NOMINAL_CHAMBER_ENVIRONMENT,SUFFICIENT,True,DATA_SUFFICIENT_AND_VALID,"[0, 24, 96, 168]"
LOT_L01_C008,LOT_L01,168,VGS(th),stable,stable,False,,ALERT,PEER_OUTLIER_STATIONARY,IDSS:HIGH_BUT_STABLE_PEER_OUTLIER,2.995530086418654,2.995530086418654,PASS,NOMINAL_STABLE,NOMINAL_SPEC_AND_STABLE_KINETICS,COMPLIANT,True,SPEC_COMPLIANT,PEER_NORMAL,0.02683545970863428,29,PEER_NORMAL,STATIONARY,-0.00014650783500634788,-0.20755312392501318,-0.0008230378199664916,-0.013879525616009433,-0.19367359830900374,False,TEMPORALLY_STATIONARY,4,NO_STEP,0.32176136794246213,0.042777268489287756,0.32176136794246213,,NOMINAL_STEP_INTERVAL,CHANNEL_BIAS_SUPPRESSED_SMALL_SAMPLE,False,CHANNEL_BIAS_SUPPRESSED_SMALL_SAMPLE,CH_08,-0.005999729151453748,0.5666666666666667,2,,True,CHANNEL_BIAS_SUPPRESSED_SMALL_SAMPLE,False,NOMINAL_CHAMBER_ENVIRONMENT,SUFFICIENT,True,DATA_SUFFICIENT_AND_VALID,"[0, 24, 96, 168]"
LOT_L01_C008,LOT_L01,168,RDS(on),stable,stable,False,,ALERT,PEER_OUTLIER_STATIONARY,IDSS:HIGH_BUT_STABLE_PEER_OUTLIER,58.35097920996907,4.066476140253607,PASS,NOMINAL_STABLE,NOMINAL_SPEC_AND_STABLE_KINETICS,COMPLIANT,True,SPEC_COMPLIANT,PEER_NORMAL,2.8511824580982763,29,PEER_NORMAL,STATIONARY,3.477503506922894e-05,0.27281153803766794,0.0005083917854207624,0.021951613225285584,0.25085992481238234,False,TEMPORALLY_STATIONARY,4,NO_STEP,0.3494812879425207,0.0332879990960393,0.3494812879425207,,NOMINAL_STEP_INTERVAL,CHANNEL_BIAS_SUPPRESSED_SMALL_SAMPLE,False,CHANNEL_BIAS_SUPPRESSED_SMALL_SAMPLE,CH_08,0.0007643150228058282,0.5333333333333333,2,,True,CHANNEL_BIAS_SUPPRESSED_SMALL_SAMPLE,False,NOMINAL_CHAMBER_ENVIRONMENT,SUFFICIENT,True,DATA_SUFFICIENT_AND_VALID,"[0, 24, 96, 168]"
LOT_L01_C008,LOT_L01,168,IGSS,stable,stable,False,,ALERT,PEER_OUTLIER_STATIONARY,IDSS:HIGH_BUT_STABLE_PEER_OUTLIER,0.0387663912831265,0.0387566879412016,PASS,NOMINAL_STABLE,NOMINAL_SPEC_AND_STABLE_KINETICS,COMPLIANT,True,SPEC_COMPLIANT,PEER_NORMAL,0.01746523016811459,29,PEER_NORMAL,STATIONARY,-0.0014630340347679064,-0.08107163892552866,0.003517737667642636,-0.08110021645078902,2.8577525260364833e-05,False,TEMPORALLY_STATIONARY,4,NO_STEP,0.11410145332888791,0.2591847008767567,0.11410145332888791,,NOMINAL_STEP_INTERVAL,CHANNEL_BIAS_SUPPRESSED_SMALL_SAMPLE,False,CHANNEL_BIAS_SUPPRESSED_SMALL_SAMPLE,CH_08,-0.057967038859449024,0.5666666666666667,2,,True,CHANNEL_BIAS_SUPPRESSED_SMALL_SAMPLE,False,NOMINAL_CHAMBER_ENVIRONMENT,SUFFICIENT,True,DATA_SUFFICIENT_AND_VALID,"[0, 24, 96, 168]"
LOT_N01_C025,LOT_N01,168,IDSS,stable,stable,False,,INSUFFICIENT_DATA,INSUFFICIENT_EVIDENCE,RDS(on):MISSING_CHECKPOINTS_96,0.5010317191061949,-0.6910858683121549,PASS,NOMINAL_STABLE,NOMINAL_SPEC_AND_STABLE_KINETICS,COMPLIANT,True,SPEC_COMPLIANT,PEER_NORMAL,0.5463148112073711,29,PEER_NORMAL,STATIONARY,-0.00032994369005694943,-0.24357072618266679,-0.0018872598672533655,0.14615776075869846,-0.38972848694136525,False,TEMPORALLY_STATIONARY,4,NO_STEP,0.5301362257936553,0.13056526293084803,0.5301362257936553,,NOMINAL_STEP_INTERVAL,CHANNEL_BIAS_SUPPRESSED_SMALL_SAMPLE,False,CHANNEL_BIAS_SUPPRESSED_SMALL_SAMPLE,CH_09,0.0247680838630982,0.5666666666666667,2,,True,CHANNEL_BIAS_SUPPRESSED_SMALL_SAMPLE,False,NOMINAL_CHAMBER_ENVIRONMENT,SUFFICIENT,True,DATA_SUFFICIENT_AND_VALID,"[0, 24, 96, 168]"
LOT_N01_C025,LOT_N01,168,VGS(th),stable,stable,False,,INSUFFICIENT_DATA,INSUFFICIENT_EVIDENCE,RDS(on):MISSING_CHECKPOINTS_96,2.985069322069849,2.985069322069849,PASS,NOMINAL_STABLE,NOMINAL_SPEC_AND_STABLE_KINETICS,COMPLIANT,True,SPEC_COMPLIANT,PEER_NORMAL,-0.017705357962880974,29,PEER_NORMAL,STATIONARY,-7.415161654061533e-05,-0.09657316729934806,-0.00023063019845013616,0.04866199643324794,-0.14523516373259598,False,TEMPORALLY_STATIONARY,4,NO_STEP,0.10034358160626813,0.013123128727403621,0.10034358160626813,,NOMINAL_STEP_INTERVAL,CHANNEL_BIAS_SUPPRESSED_SMALL_SAMPLE,False,CHANNEL_BIAS_SUPPRESSED_SMALL_SAMPLE,CH_09,0.0006312013115106208,0.5333333333333333,2,,True,CHANNEL_BIAS_SUPPRESSED_SMALL_SAMPLE,False,NOMINAL_CHAMBER_ENVIRONMENT,SUFFICIENT,True,DATA_SUFFICIENT_AND_VALID,"[0, 24, 96, 168]"
LOT_N01_C025,LOT_N01,168,RDS(on),stable,stable,False,,INSUFFICIENT_DATA,INSUFFICIENT_EVIDENCE,RDS(on):MISSING_CHECKPOINTS_96,37.13986826302557,3.614691008880724,INSUFFICIENT_DATA,INSUFFICIENT_EVIDENCE,MISSING_CHECKPOINTS_96,COMPLIANT,True,SPEC_COMPLIANT,PEER_NORMAL,-1.795094571624998,29,PEER_NORMAL,STATIONARY,1.5380963800144215e-05,0.02165554992967999,-0.0005952348779754948,0.01996352006162257,0.0016920298680574188,False,TEMPORALLY_STATIONARY,3,NO_STEP,0.12017719120115061,0.012613974906699355,0.12017719120115061,,NOMINAL_STEP_INTERVAL,CHANNEL_BIAS_SUPPRESSED_SMALL_SAMPLE,False,CHANNEL_BIAS_SUPPRESSED_SMALL_SAMPLE,CH_09,-0.00393328661380643,0.6551724137931034,2,,True,CHANNEL_BIAS_SUPPRESSED_SMALL_SAMPLE,False,NOMINAL_CHAMBER_ENVIRONMENT,INCOMPLETE_HISTORY,False,MISSING_CHECKPOINTS_96,"[0, 24, 168]"
LOT_N01_C025,LOT_N01,168,IGSS,stable,stable,False,,INSUFFICIENT_DATA,INSUFFICIENT_EVIDENCE,RDS(on):MISSING_CHECKPOINTS_96,-0.1073349103154032,-0.10712987449027866,PASS,NOMINAL_STABLE,NOMINAL_SPEC_AND_STABLE_KINETICS,COMPLIANT,True,SPEC_COMPLIANT,PEER_NORMAL,0.16614055469610423,29,PEER_NORMAL,STATIONARY,0.0003318318931980273,0.02980385580177558,-0.003765354594054928,0.03154005760431568,-0.0017362018025400966,False,TEMPORALLY_STATIONARY,4,NO_STEP,0.08555690058135028,0.15271158645071004,0.08555690058135028,,NOMINAL_STEP_INTERVAL,CHANNEL_BIAS_SUPPRESSED_SMALL_SAMPLE,False,CHANNEL_BIAS_SUPPRESSED_SMALL_SAMPLE,CH_09,-0.010764744788486963,0.5,2,,True,CHANNEL_BIAS_SUPPRESSED_SMALL_SAMPLE,False,NOMINAL_CHAMBER_ENVIRONMENT,SUFFICIENT,True,DATA_SUFFICIENT_AND_VALID,"[0, 24, 96, 168]"
LOT_N02_C003,LOT_N02,168,IDSS,stable,stable,False,,FAIL,SPECIFICATION_FAILURE,RDS(on):ABSOLUTE_LIMIT_BREACH_RDSON_HIGH,0.4161575812119919,-0.8766912894574908,PASS,NOMINAL_STABLE,NOMINAL_SPEC_AND_STABLE_KINETICS,COMPLIANT,True,SPEC_COMPLIANT,PEER_NORMAL,-0.7592936308778881,29,PEER_NORMAL,STATIONARY,3.855606667867186e-05,0.2366231775312668,-0.0011246015367901631,0.0207377717453001,0.2158854057859667,False,TEMPORALLY_STATIONARY,4,NO_STEP,0.7011698918459461,0.20196880786146731,0.7011698918459461,,NOMINAL_STEP_INTERVAL,CHANNEL_BIAS_SUPPRESSED_SMALL_SAMPLE,False,CHANNEL_BIAS_SUPPRESSED_SMALL_SAMPLE,CH_03,0.0014417499210839235,0.5,2,,True,CHANNEL_BIAS_SUPPRESSED_SMALL_SAMPLE,False,NOMINAL_CHAMBER_ENVIRONMENT,SUFFICIENT,True,DATA_SUFFICIENT_AND_VALID,"[0, 24, 96, 168]"
LOT_N02_C003,LOT_N02,168,VGS(th),stable,stable,False,,FAIL,SPECIFICATION_FAILURE,RDS(on):ABSOLUTE_LIMIT_BREACH_RDSON_HIGH,3.0121800002988715,3.0121800002988715,PASS,NOMINAL_STABLE,NOMINAL_SPEC_AND_STABLE_KINETICS,COMPLIANT,True,SPEC_COMPLIANT,PEER_NORMAL,-0.27197449163710674,29,PEER_NORMAL,STATIONARY,-0.00015544768281033542,-0.27835313476514767,-0.00045102710799458745,0.023160266859217214,-0.3015134016243649,False,TEMPORALLY_STATIONARY,4,NO_STEP,0.2565885499128527,0.023282086810282543,0.2565885499128527,,NOMINAL_STEP_INTERVAL,CHANNEL_BIAS_SUPPRESSED_SMALL_SAMPLE,False,CHANNEL_BIAS_SUPPRESSED_SMALL_SAMPLE,CH_03,0.0046659542928564335,0.5333333333333333,2,,True,CHANNEL_BIAS_SUPPRESSED_SMALL_SAMPLE,False,NOMINAL_CHAMBER_ENVIRONMENT,SUFFICIENT,True,DATA_SUFFICIENT_AND_VALID,"[0, 24, 96, 168]"
LOT_N02_C003,LOT_N02,168,RDS(on),stable,stable,False,,FAIL,SPECIFICATION_FAILURE,RDS(on):ABSOLUTE_LIMIT_BREACH_RDSON_HIGH,61.319087848125335,4.116091178617785,FAIL,SPECIFICATION_FAILURE,ABSOLUTE_LIMIT_BREACH_RDSON_HIGH,SPEC_BREACH,False,ABSOLUTE_LIMIT_BREACH_RDSON_HIGH,PEER_NORMAL,2.056967541674646,29,PEER_NORMAL,STATIONARY,5.702833789660353e-05,0.1415308317384926,0.00014944586837601422,0.04369744357175,0.0978333881667426,False,TEMPORALLY_STATIONARY,4,NO_STEP,0.19053601376361534,0.015123514440301022,0.19053601376361534,,NOMINAL_STEP_INTERVAL,CHANNEL_BIAS_SUPPRESSED_SMALL_SAMPLE,False,CHANNEL_BIAS_SUPPRESSED_SMALL_SAMPLE,CH_03,0.0053392528093449965,0.6333333333333333,2,,True,CHANNEL_BIAS_SUPPRESSED_SMALL_SAMPLE,False,NOMINAL_CHAMBER_ENVIRONMENT,SUFFICIENT,True,DATA_SUFFICIENT_AND_VALID,"[0, 24, 96, 168]"
LOT_N02_C003,LOT_N02,168,IGSS,stable,stable,False,,FAIL,SPECIFICATION_FAILURE,RDS(on):ABSOLUTE_LIMIT_BREACH_RDSON_HIGH,4.337565136055788,2.173490702163686,PASS,NOMINAL_STABLE,NOMINAL_SPEC_AND_STABLE_KINETICS,COMPLIANT,True,SPEC_COMPLIANT,PEER_NORMAL,1.1335288259402543,29,PEER_NORMAL,STATIONARY,-0.0005703857811451343,0.06513028262128402,0.021448586733990388,0.0661031864258037,-0.0009729038045196842,False,TEMPORALLY_STATIONARY,4,NO_STEP,0.44770452275556993,0.9142270415777185,0.44770452275556993,,NOMINAL_STEP_INTERVAL,CHANNEL_BIAS_SUPPRESSED_SMALL_SAMPLE,False,CHANNEL_BIAS_SUPPRESSED_SMALL_SAMPLE,CH_03,0.08935767791783351,0.5666666666666667,2,,True,CHANNEL_BIAS_SUPPRESSED_SMALL_SAMPLE,False,NOMINAL_CHAMBER_ENVIRONMENT,SUFFICIENT,True,DATA_SUFFICIENT_AND_VALID,"[0, 24, 96, 168]"
LOT_N02_C015,LOT_N02,168,IDSS,stable,stable,False,,FAIL,SPECIFICATION_FAILURE,RDS(on):ABSOLUTE_LIMIT_BREACH_RDSON_HIGH,0.3838798693726403,-0.957425615514522,PASS,NOMINAL_STABLE,NOMINAL_SPEC_AND_STABLE_KINETICS,COMPLIANT,True,SPEC_COMPLIANT,PEER_NORMAL,-1.0613978394617027,29,PEER_NORMAL,STATIONARY,-0.00011620286273829906,-0.01613783010175006,0.004934071338501648,0.02654803329740519,-0.04268586339915525,False,TEMPORALLY_STATIONARY,4,NO_STEP,0.6675358933179112,0.19228068710026658,0.6675358933179112,,NOMINAL_STEP_INTERVAL,CHANNEL_BIAS_SUPPRESSED_SMALL_SAMPLE,False,CHANNEL_BIAS_SUPPRESSED_SMALL_SAMPLE,CH_15,0.0014417499210839235,0.5,1,,True,CHANNEL_BIAS_SUPPRESSED_SMALL_SAMPLE,False,NOMINAL_CHAMBER_ENVIRONMENT,SUFFICIENT,True,DATA_SUFFICIENT_AND_VALID,"[0, 24, 96, 168]"
LOT_N02_C015,LOT_N02,168,VGS(th),stable,stable,False,,FAIL,SPECIFICATION_FAILURE,RDS(on):ABSOLUTE_LIMIT_BREACH_RDSON_HIGH,3.0957320150294683,3.0957320150294683,PASS,NOMINAL_STABLE,NOMINAL_SPEC_AND_STABLE_KINETICS,COMPLIANT,True,SPEC_COMPLIANT,PEER_NORMAL,0.8267363425825058,29,PEER_NORMAL,STATIONARY,0.00021835269630403992,0.27724326626357454,-0.00022571164949115101,0.02076799275263412,0.2564752735109404,False,TEMPORALLY_STATIONARY,4,NO_STEP,0.2770281426348371,0.025136715055703807,0.2770281426348371,,NOMINAL_STEP_INTERVAL,CHANNEL_BIAS_SUPPRESSED_SMALL_SAMPLE,False,CHANNEL_BIAS_SUPPRESSED_SMALL_SAMPLE,CH_15,0.0046659542928564335,0.5333333333333333,1,,True,CHANNEL_BIAS_SUPPRESSED_SMALL_SAMPLE,False,NOMINAL_CHAMBER_ENVIRONMENT,SUFFICIENT,True,DATA_SUFFICIENT_AND_VALID,"[0, 24, 96, 168]"
LOT_N02_C015,LOT_N02,168,RDS(on),stable,stable,False,,FAIL,SPECIFICATION_FAILURE,RDS(on):ABSOLUTE_LIMIT_BREACH_RDSON_HIGH,65.1675036078218,4.1769609337616185,FAIL,SPECIFICATION_FAILURE,ABSOLUTE_LIMIT_BREACH_RDSON_HIGH,SPEC_BREACH,False,ABSOLUTE_LIMIT_BREACH_RDSON_HIGH,PEER_MILD_OUTLIER,3.0168904307645765,29,MILD_PEER_OUTLIER,STATIONARY,5.76734523504694e-05,0.23110285088650973,0.0004570511382611972,0.04369744357175,0.18740540731475974,False,TEMPORALLY_STATIONARY,4,NO_STEP,0.23275273489423773,0.01847440427487701,0.23275273489423773,,NOMINAL_STEP_INTERVAL,CHANNEL_BIAS_SUPPRESSED_SMALL_SAMPLE,False,CHANNEL_BIAS_SUPPRESSED_SMALL_SAMPLE,CH_15,0.0053392528093449965,0.6333333333333333,1,,True,CHANNEL_BIAS_SUPPRESSED_SMALL_SAMPLE,False,NOMINAL_CHAMBER_ENVIRONMENT,SUFFICIENT,True,DATA_SUFFICIENT_AND_VALID,"[0, 24, 96, 168]"
LOT_N02_C015,LOT_N02,168,IGSS,stable,stable,False,,FAIL,SPECIFICATION_FAILURE,RDS(on):ABSOLUTE_LIMIT_BREACH_RDSON_HIGH,3.072956277723363,1.8412682155505324,PASS,NOMINAL_STABLE,NOMINAL_SPEC_AND_STABLE_KINETICS,COMPLIANT,True,SPEC_COMPLIANT,PEER_NORMAL,0.9644757159192899,29,PEER_NORMAL,STATIONARY,-0.00019409903581117075,0.15840392162685835,0.013000478402610106,0.06513028262128402,0.09327363900557432,False,TEMPORALLY_STATIONARY,4,NO_STEP,0.32666350805252076,0.6670573947301939,0.32666350805252076,,NOMINAL_STEP_INTERVAL,CHANNEL_BIAS_SUPPRESSED_SMALL_SAMPLE,False,CHANNEL_BIAS_SUPPRESSED_SMALL_SAMPLE,CH_15,0.08935767791783351,0.5666666666666667,1,,True,CHANNEL_BIAS_SUPPRESSED_SMALL_SAMPLE,False,NOMINAL_CHAMBER_ENVIRONMENT,SUFFICIENT,True,DATA_SUFFICIENT_AND_VALID,"[0, 24, 96, 168]"
LOT_S05_C003,LOT_S05,168,IDSS,stable,stable,False,,ALERT,PEER_OUTLIER_STATIONARY,VGS(th):HIGH_BUT_STABLE_PEER_OUTLIER,0.4395497854898623,-0.8220042907072224,PASS,NOMINAL_STABLE,NOMINAL_SPEC_AND_STABLE_KINETICS,COMPLIANT,True,SPEC_COMPLIANT,PEER_NORMAL,1.042196667912538,19,PEER_NORMAL,STATIONARY,7.274873626456651e-05,0.11801022343850277,0.0005235722005112187,0.06726645566087697,0.050743767777625806,False,TEMPORALLY_STATIONARY,4,NO_STEP,0.2191509495708703,0.03805631127335396,0.2191509495708703,,NOMINAL_STEP_INTERVAL,CHANNEL_BIAS_SUPPRESSED_SMALL_SAMPLE,False,CHANNEL_BIAS_SUPPRESSED_SMALL_SAMPLE,CH_03,0.0007369490164857995,0.5,2,,True,CHANNEL_BIAS_SUPPRESSED_SMALL_SAMPLE,False,NOMINAL_CHAMBER_ENVIRONMENT,SUFFICIENT,True,DATA_SUFFICIENT_AND_VALID,"[0, 24, 96, 168]"
LOT_S05_C003,LOT_S05,168,VGS(th),stable,stable,False,,ALERT,PEER_OUTLIER_STATIONARY,VGS(th):HIGH_BUT_STABLE_PEER_OUTLIER,3.618135830849163,3.618135830849163,ALERT,PEER_OUTLIER_STATIONARY,HIGH_BUT_STABLE_PEER_OUTLIER,COMPLIANT,True,SPEC_COMPLIANT,PEER_MILD_OUTLIER,4.788733314831166,19,MILD_PEER_OUTLIER,STATIONARY,0.0001158475308881025,0.2622502048447878,0.0014033563760194414,-0.06315241298837532,0.3254026178331631,False,TEMPORALLY_STATIONARY,4,NO_STEP,0.38296243930340707,0.05332018605661126,0.38296243930340707,,NOMINAL_STEP_INTERVAL,CHANNEL_BIAS_SUPPRESSED_SMALL_SAMPLE,False,CHANNEL_BIAS_SUPPRESSED_SMALL_SAMPLE,CH_03,-0.0016826239814018429,0.5263157894736842,2,,True,CHANNEL_BIAS_SUPPRESSED_SMALL_SAMPLE,False,NOMINAL_CHAMBER_ENVIRONMENT,SUFFICIENT,True,DATA_SUFFICIENT_AND_VALID,"[0, 24, 96, 168]"
LOT_S05_C003,LOT_S05,168,RDS(on),stable,stable,False,,ALERT,PEER_OUTLIER_STATIONARY,VGS(th):HIGH_BUT_STABLE_PEER_OUTLIER,47.21502084145603,3.8547120801309265,PASS,NOMINAL_STABLE,NOMINAL_SPEC_AND_STABLE_KINETICS,COMPLIANT,True,SPEC_COMPLIANT,PEER_NORMAL,0.34982742701250236,19,PEER_NORMAL,STATIONARY,0.0001162983483336438,0.2693982245527505,0.00018821879300741826,0.033419727141950226,0.23597849741080024,False,TEMPORALLY_STATIONARY,4,NO_STEP,0.245545963829332,0.015827991200639158,0.245545963829332,,NOMINAL_STEP_INTERVAL,CHANNEL_BIAS_SUPPRESSED_SMALL_SAMPLE,False,CHANNEL_BIAS_SUPPRESSED_SMALL_SAMPLE,CH_03,-0.0010074440176088828,0.55,2,,True,CHANNEL_BIAS_SUPPRESSED_SMALL_SAMPLE,False,NOMINAL_CHAMBER_ENVIRONMENT,SUFFICIENT,True,DATA_SUFFICIENT_AND_VALID,"[0, 24, 96, 168]"
LOT_S05_C003,LOT_S05,168,IGSS,stable,stable,False,,ALERT,PEER_OUTLIER_STATIONARY,VGS(th):HIGH_BUT_STABLE_PEER_OUTLIER,1.4782493355796995,1.182637243865507,PASS,NOMINAL_STABLE,NOMINAL_SPEC_AND_STABLE_KINETICS,COMPLIANT,True,SPEC_COMPLIANT,PEER_NORMAL,0.6519316946847029,19,PEER_NORMAL,STATIONARY,-0.0014547053438876678,-0.2034336877979825,-0.009992146332168364,0.0424312891278483,-0.24586497692583079,False,TEMPORALLY_STATIONARY,4,NO_STEP,0.18533892320515985,0.383035543804114,0.18533892320515985,,NOMINAL_STEP_INTERVAL,CHANNEL_BIAS_SUPPRESSED_SMALL_SAMPLE,False,CHANNEL_BIAS_SUPPRESSED_SMALL_SAMPLE,CH_03,-0.03266754614183802,0.55,2,,True,CHANNEL_BIAS_SUPPRESSED_SMALL_SAMPLE,False,NOMINAL_CHAMBER_ENVIRONMENT,SUFFICIENT,True,DATA_SUFFICIENT_AND_VALID,"[0, 24, 96, 168]"
LOT_S05_C013,LOT_S05,168,IDSS,stable,stable,False,,INSUFFICIENT_DATA,INSUFFICIENT_EVIDENCE,VGS(th):MISSING_CHECKPOINTS_96,0.3306775539769365,-1.1066115355739237,PASS,NOMINAL_STABLE,NOMINAL_SPEC_AND_STABLE_KINETICS,COMPLIANT,True,SPEC_COMPLIANT,PEER_NORMAL,-0.6271431430689757,19,PEER_NORMAL,STATIONARY,0.00033186072485615124,0.20577822916143115,-0.000811261416785373,0.05999158541615756,0.1457866437452736,False,TEMPORALLY_STATIONARY,4,NO_STEP,0.2795708044805179,0.048548425544521434,0.2795708044805179,,NOMINAL_STEP_INTERVAL,CHANNEL_BIAS_SUPPRESSED_SMALL_SAMPLE,False,CHANNEL_BIAS_SUPPRESSED_SMALL_SAMPLE,CH_13,0.0007369490164857995,0.5,1,,True,CHANNEL_BIAS_SUPPRESSED_SMALL_SAMPLE,False,NOMINAL_CHAMBER_ENVIRONMENT,SUFFICIENT,True,DATA_SUFFICIENT_AND_VALID,"[0, 24, 96, 168]"
LOT_S05_C013,LOT_S05,168,VGS(th),stable,stable,False,,INSUFFICIENT_DATA,INSUFFICIENT_EVIDENCE,VGS(th):MISSING_CHECKPOINTS_96,2.9352069403686025,2.9352069403686025,INSUFFICIENT_DATA,INSUFFICIENT_EVIDENCE,MISSING_CHECKPOINTS_96,COMPLIANT,True,SPEC_COMPLIANT,PEER_NORMAL,-0.8790537585777793,19,PEER_NORMAL,STATIONARY,3.6408568677457976e-05,0.05201341844635334,0.0009093258006833384,-0.06633259221342429,0.11834601065977762,False,TEMPORALLY_STATIONARY,3,NO_STEP,0.18815475439244525,0.02394896464646834,0.18815475439244525,,NOMINAL_STEP_INTERVAL,CHANNEL_BIAS_SUPPRESSED_SMALL_SAMPLE,False,CHANNEL_BIAS_SUPPRESSED_SMALL_SAMPLE,CH_13,-0.0016826239814018429,0.5263157894736842,1,,True,CHANNEL_BIAS_SUPPRESSED_SMALL_SAMPLE,False,NOMINAL_CHAMBER_ENVIRONMENT,INCOMPLETE_HISTORY,False,MISSING_CHECKPOINTS_96,"[0, 24, 168]"
LOT_S05_C013,LOT_S05,168,RDS(on),stable,stable,False,,INSUFFICIENT_DATA,INSUFFICIENT_EVIDENCE,VGS(th):MISSING_CHECKPOINTS_96,46.19464962480954,3.832863982394508,PASS,NOMINAL_STABLE,NOMINAL_SPEC_AND_STABLE_KINETICS,COMPLIANT,True,SPEC_COMPLIANT,PEER_NORMAL,-0.08941384475999883,19,PEER_NORMAL,STATIONARY,-9.965105819048239e-05,-0.09954142095687217,7.4936028232608365e-06,0.07836441087276505,-0.1779058318296372,False,TEMPORALLY_STATIONARY,4,NO_STEP,0.23296358501841644,0.015016926021654164,0.23296358501841644,,NOMINAL_STEP_INTERVAL,CHANNEL_BIAS_SUPPRESSED_SMALL_SAMPLE,False,CHANNEL_BIAS_SUPPRESSED_SMALL_SAMPLE,CH_13,-0.0010074440176088828,0.55,1,,True,CHANNEL_BIAS_SUPPRESSED_SMALL_SAMPLE,False,NOMINAL_CHAMBER_ENVIRONMENT,SUFFICIENT,True,DATA_SUFFICIENT_AND_VALID,"[0, 24, 96, 168]"
LOT_S05_C013,LOT_S05,168,IGSS,stable,stable,False,,INSUFFICIENT_DATA,INSUFFICIENT_EVIDENCE,VGS(th):MISSING_CHECKPOINTS_96,1.1737723183977014,0.9990736846759103,PASS,NOMINAL_STABLE,NOMINAL_SPEC_AND_STABLE_KINETICS,COMPLIANT,True,SPEC_COMPLIANT,PEER_NORMAL,0.5626770006758047,19,PEER_NORMAL,STATIONARY,7.883393350262144e-05,-0.04597558421084058,-0.006870438787458858,0.04157065690898346,-0.08754624111982404,False,TEMPORALLY_STATIONARY,4,NO_STEP,0.147476617106886,0.30478641644743587,0.147476617106886,,NOMINAL_STEP_INTERVAL,CHANNEL_BIAS_SUPPRESSED_SMALL_SAMPLE,False,CHANNEL_BIAS_SUPPRESSED_SMALL_SAMPLE,CH_13,-0.03266754614183802,0.55,1,,True,CHANNEL_BIAS_SUPPRESSED_SMALL_SAMPLE,False,NOMINAL_CHAMBER_ENVIRONMENT,SUFFICIENT,True,DATA_SUFFICIENT_AND_VALID,"[0, 24, 96, 168]"
LOT_W01_C035,LOT_W01,168,IDSS,stable,stable,False,,INSUFFICIENT_DATA,INSUFFICIENT_EVIDENCE,RDS(on):MISSING_CHECKPOINTS_96,0.2881770929617464,-1.2441800817063178,PASS,NOMINAL_STABLE,NOMINAL_SPEC_AND_STABLE_KINETICS,COMPLIANT,True,SPEC_COMPLIANT,PEER_NORMAL,-1.0505496481274046,49,PEER_NORMAL,STATIONARY,-0.0006640419948910393,-0.2137169947296773,0.0005633767376051139,-0.05040050609679902,-0.1633164886328783,False,TEMPORALLY_STATIONARY,4,NO_STEP,0.1692266414237739,0.06450185346942705,0.1692266414237739,,NOMINAL_STEP_INTERVAL,CHANNEL_BIAS_SUPPRESSED_SMALL_SAMPLE,False,CHANNEL_BIAS_SUPPRESSED_SMALL_SAMPLE,CH_03,-0.002254143202203962,0.5102040816326531,3,,True,CHANNEL_BIAS_SUPPRESSED_SMALL_SAMPLE,False,NOMINAL_CHAMBER_ENVIRONMENT,SUFFICIENT,True,DATA_SUFFICIENT_AND_VALID,"[0, 24, 96, 168]"
LOT_W01_C035,LOT_W01,168,VGS(th),stable,stable,False,,INSUFFICIENT_DATA,INSUFFICIENT_EVIDENCE,RDS(on):MISSING_CHECKPOINTS_96,2.883782425778515,2.883782425778515,PASS,NOMINAL_STABLE,NOMINAL_SPEC_AND_STABLE_KINETICS,COMPLIANT,True,SPEC_COMPLIANT,PEER_NORMAL,-0.5840184553854346,49,PEER_NORMAL,STATIONARY,0.00040500068113760756,0.5824267052488504,0.0006258171314667054,-0.07342088888405716,0.6558475941329076,False,TEMPORALLY_STATIONARY,4,NO_STEP,0.28507116925439185,0.04172053125738184,0.28507116925439185,,NOMINAL_STEP_INTERVAL,CHANNEL_BIAS_SUPPRESSED_SMALL_SAMPLE,False,CHANNEL_BIAS_SUPPRESSED_SMALL_SAMPLE,CH_03,-0.003525106685877688,0.54,3,,True,CHANNEL_BIAS_SUPPRESSED_SMALL_SAMPLE,False,NOMINAL_CHAMBER_ENVIRONMENT,SUFFICIENT,True,DATA_SUFFICIENT_AND_VALID,"[0, 24, 96, 168]"
LOT_W01_C035,LOT_W01,168,RDS(on),stable,stable,False,,INSUFFICIENT_DATA,INSUFFICIENT_EVIDENCE,RDS(on):MISSING_CHECKPOINTS_96,45.35008985592518,3.814412157946728,INSUFFICIENT_DATA,INSUFFICIENT_EVIDENCE,MISSING_CHECKPOINTS_96,COMPLIANT,True,SPEC_COMPLIANT,PEER_NORMAL,-0.9315543221357746,49,PEER_NORMAL,STATIONARY,0.00010422897164039764,0.1567461745764596,0.0004566616062037787,0.013770700935736428,0.14297547364072316,False,TEMPORALLY_STATIONARY,3,NO_STEP,0.22029557990780044,0.024403153529552135,0.22029557990780044,,NOMINAL_STEP_INTERVAL,CHANNEL_BIAS_SUPPRESSED_SMALL_SAMPLE,False,CHANNEL_BIAS_SUPPRESSED_SMALL_SAMPLE,CH_03,0.0003977649760757984,0.5102040816326531,3,,True,CHANNEL_BIAS_SUPPRESSED_SMALL_SAMPLE,False,NOMINAL_CHAMBER_ENVIRONMENT,INCOMPLETE_HISTORY,False,MISSING_CHECKPOINTS_96,"[0, 24, 168]"
LOT_W01_C035,LOT_W01,168,IGSS,stable,stable,False,,INSUFFICIENT_DATA,INSUFFICIENT_EVIDENCE,RDS(on):MISSING_CHECKPOINTS_96,3.157947722316859,1.8672447825356449,PASS,NOMINAL_STABLE,NOMINAL_SPEC_AND_STABLE_KINETICS,COMPLIANT,True,SPEC_COMPLIANT,PEER_NORMAL,0.8720898462816371,49,PEER_NORMAL,STATIONARY,0.0018427038941748672,0.23129969891710972,0.005387717160100453,-0.017106585822895842,0.24840628474000556,False,TEMPORALLY_STATIONARY,4,NO_STEP,0.21177839409307825,0.4451797966630371,0.21177839409307825,,NOMINAL_STEP_INTERVAL,CHANNEL_BIAS_SUPPRESSED_SMALL_SAMPLE,False,CHANNEL_BIAS_SUPPRESSED_SMALL_SAMPLE,CH_03,-0.008052796720016464,0.52,3,,True,CHANNEL_BIAS_SUPPRESSED_SMALL_SAMPLE,False,NOMINAL_CHAMBER_ENVIRONMENT,SUFFICIENT,True,DATA_SUFFICIENT_AND_VALID,"[0, 24, 96, 168]"
